-- phpMyAdmin SQL Dump
-- version 5.1.1
-- https://www.phpmyadmin.net/
--
-- Hôte : 127.0.0.1
-- Généré le : mar. 28 mai 2024 à 14:49
-- Version du serveur : 10.4.21-MariaDB
-- Version de PHP : 7.4.25

SET SQL_MODE = "NO_AUTO_VALUE_ON_ZERO";
START TRANSACTION;
SET time_zone = "+00:00";


/*!40101 SET @OLD_CHARACTER_SET_CLIENT=@@CHARACTER_SET_CLIENT */;
/*!40101 SET @OLD_CHARACTER_SET_RESULTS=@@CHARACTER_SET_RESULTS */;
/*!40101 SET @OLD_COLLATION_CONNECTION=@@COLLATION_CONNECTION */;
/*!40101 SET NAMES utf8mb4 */;

--
-- Base de données : `litis`
--

--
-- Fonctions
--
CREATE DEFINER=`root`@`localhost` FUNCTION `SPLIT_STRING` (`str` VARCHAR(255), `delim` VARCHAR(12), `pos` INT) RETURNS VARCHAR(255) CHARSET utf8mb4 BEGIN
    RETURN REPLACE(SUBSTRING(SUBSTRING_INDEX(str, delim, pos), LENGTH(SUBSTRING_INDEX(str, delim, pos - 1)) + 1), delim, '');
END$$


-- --------------------------------------------------------

--
-- Structure de la table `etape`
--

CREATE TABLE `etape` (
  `id_etape` int(11) NOT NULL,
  `ressource_type_id` int(11) NOT NULL,
  `numero_etape` int(11) NOT NULL,
  `titre_etape` varchar(255) NOT NULL,
  `description_etape` text NOT NULL
) ENGINE=InnoDB DEFAULT CHARSET=utf8;

--
-- Déchargement des données de la table `etape`
--

INSERT INTO `etape` (`id_etape`, `ressource_type_id`, `numero_etape`, `titre_etape`, `description_etape`) VALUES
(1, 1, 1, '1. Accéder au Site Web ou à l\'Application Mobile', 'Rendez-vous sur le site web de Doctolib (www.doctolib.fr) ou utilisez l\'application mobile Doctolib sur votre smartphone ou tablette.'),
(2, 1, 2, '2. Recherchez un Professionnel de Santé', 'Utilisez la barre de recherche pour trouver le professionnel de santé que vous souhaitez consulter. Vous pouvez rechercher par spécialité, nom du praticien, localisation, etc.'),
(3, 2, 1, '1. Accéder au Finder', 'Ouvrez le Finder en cliquant sur l\'icône du Finder dans le dock ou en appuyant sur Commande + N.'),
(4, 2, 2, '2. Choisir l\'Emplacement', 'Naviguez vers l\'endroit où vous souhaitez créer le nouveau dossier. Vous pouvez le faire en cliquant sur les dossiers dans la barre latérale du Finder ou en naviguant à travers les dossiers dans la fenêtre principale du Finder.'),
(6, 1, 3, '3. Sélectionnez un Créneau Horaire', 'Une fois que vous avez trouvé le praticien que vous souhaitez consulter, consultez son agenda en ligne pour voir les créneaux horaires disponibles. Choisissez celui qui vous convient le mieux.'),
(7, 1, 4, '4. Remplissez les Informations Requises', 'Si vous êtes un nouveau patient, vous devrez peut-être fournir des informations telles que votre nom, prénom, date de naissance, numéro de téléphone, adresse e-mail, etc. Si vous avez déjà un compte Doctolib, connectez-vous simplement.'),
(8, 1, 5, '5. Confirmez votre Rendez-vous', 'Une fois que vous avez choisi un créneau horaire et rempli les informations requises, confirmez votre rendez-vous. Vous devriez recevoir une confirmation par e-mail ou par SMS, selon vos préférences.'),
(9, 1, 6, '6. Recevez un Rappel', 'Vous recevrez généralement un rappel de votre rendez-vous par e-mail ou par SMS quelques jours avant la date prévue.'),
(10, 1, 7, '7. Gérez vos Rendez-vous (Optionnel)', 'Vous pouvez gérer vos rendez-vous à tout moment en accédant à votre compte Doctolib. Vous pouvez annuler ou modifier un rendez-vous si nécessaire.'),
(11, 2, 3, '3. Créer le Dossier', 'Une fois que vous êtes dans l\'emplacement souhaité, faites un clic droit (ou contrôle + clic) sur un espace vide de la fenêtre du Finder. Dans le menu contextuel qui apparaît, sélectionnez \"Nouveau dossier\".'),
(12, 2, 4, '4. Nommer le Dossier', 'Un nouveau dossier apparaîtra, prêt à être renommé. Cliquez une fois sur le texte \"Nouveau dossier\" pour le mettre en surbrillance, puis tapez le nom que vous souhaitez donner à votre dossier.'),
(13, 2, 5, '5. Valider le Nom', 'Appuyez sur la touche \"Entrée\" une fois que vous avez terminé de taper le nom pour valider le nom du dossier.'),
(14, 4, 1, '1. Accédez à la Page de Création de Compte', 'Rendez-vous sur la page de création de compte Google en ouvrant votre navigateur web et en accédant à l\'adresse suivante : https://accounts.google.com/signup.'),
(15, 4, 2, '2. Remplissez le Formulaire de Création de Compte', 'Sur la page de création de compte, vous serez invité à remplir un formulaire avec les informations suivantes : prénom et nom de famille, nom d\'utilisateur (adresse email que vous souhaitez utiliser pour votre compte Google), mot de passe (choisissez un mot de passe sécurisé), confirmation du mot de passe.'),
(16, 4, 3, '3. Ajoutez des Informations Supplémentaires (optionnel)', 'Vous pouvez également ajouter des informations supplémentaires à votre compte, telles que votre numéro de téléphone, votre date de naissance et votre genre. Cependant, ces informations ne sont pas obligatoires pour créer un compte Google.'),
(17, 4, 4, '4. Vérifiez votre Identité', 'Pour des raisons de sécurité, Google peut vous demander de vérifier votre identité en vous envoyant un code de vérification par SMS ou par appel vocal sur le numéro de téléphone que vous avez fourni. Suivez les instructions à l\'écran pour terminer le processus de vérification.'),
(18, 4, 5, '5. Acceptez les Conditions d\'Utilisation et la Politique de Confidentialité', 'Avant de créer votre compte, assurez-vous de lire attentivement les conditions d\'utilisation et la politique de confidentialité de Google. Une fois que vous avez lu et compris ces documents, cochez les cases indiquant que vous acceptez ces termes.'),
(19, 4, 6, '6. Cliquez sur \"Suivant\" ou \"Créer un Compte\"', 'Une fois que vous avez rempli toutes les informations requises et accepté les conditions d\'utilisation, recherchez un bouton ou une option étiquetée \"Suivant\" ou \"Créer un Compte\". Cliquez sur ce bouton pour finaliser le processus de création de compte.'),
(20, 4, 7, '7. Bienvenue dans votre Compte Google !', 'Félicitations, vous avez réussi à créer votre compte Google avec succès ! Vous pouvez désormais accéder à une variété de services Google tels que Gmail, Google Drive, Google Docs, et bien d\'autres.'),
(21, 5, 1, '1. Ouvrir le Gestionnaire de Fichiers', 'Sur votre ordinateur, recherchez l\'icône du gestionnaire de fichiers. Habituellement, il s\'agit d\'une icône représentant un dossier. Cliquez dessus pour ouvrir le gestionnaire de fichiers.'),
(22, 5, 2, '2. Navigation dans les Dossiers', 'Une fois ouvert, vous verrez une liste de dossiers sur votre ordinateur. Utilisez la barre de navigation ou les icônes de dossier pour naviguer entre les différents dossiers. Cliquez sur un dossier pour l\'ouvrir et voir son contenu.'),
(23, 5, 3, '3. Affichage des Fichiers', 'Dans chaque dossier, vous verrez une liste de fichiers et de sous-dossiers. Les fichiers peuvent être des documents, des images, des vidéos, etc. Vous pouvez cliquer sur un fichier pour le sélectionner ou l\'ouvrir.'),
(24, 5, 4, '4. Sélection de Fichiers', 'Pour sélectionner un fichier, cliquez dessus une fois. Pour sélectionner plusieurs fichiers à la fois, maintenez la touche \"Ctrl\" (sur Windows) ou \"Cmd\" (sur Mac) enfoncée tout en cliquant sur les fichiers que vous souhaitez sélectionner.'),
(25, 5, 5, '5. Copier et Coller des Fichiers', 'Pour copier un fichier, sélectionnez-le, puis faites un clic droit et choisissez \"Copier\" dans le menu contextuel. Pour coller le fichier dans un autre dossier, accédez à ce dossier, faites un clic droit et choisissez \"Coller\" dans le menu contextuel.'),
(26, 5, 6, '6. Déplacer des Fichiers', 'Pour déplacer un fichier d\'un dossier à un autre, sélectionnez-le, puis faites un clic droit et choisissez \"Couper\". Accédez ensuite au dossier de destination, faites un clic droit et choisissez \"Coller\". Le fichier sera déplacé dans ce dossier.'),
(27, 5, 7, '7. Créer un Nouveau Dossier\r\n', 'Si vous souhaitez créer un nouveau dossier, accédez au dossier où vous souhaitez créer le nouveau dossier. Ensuite, faites un clic droit dans l\'espace vide du gestionnaire de fichiers, choisissez \"Nouveau dossier\" dans le menu contextuel, puis donnez un nom à votre nouveau dossier.'),
(28, 5, 8, '8. Supprimer des Fichiers', 'Pour supprimer un fichier, sélectionnez-le, puis faites un clic droit et choisissez \"Supprimer\" dans le menu contextuel. Vous serez généralement invité à confirmer la suppression. Assurez-vous de vérifier le contenu avant de supprimer des fichiers pour éviter toute perte de données accidentelle.'),
(29, 5, 9, '9. Recherche de Fichiers', 'Si vous ne trouvez pas un fichier, utilisez la fonction de recherche du gestionnaire de fichiers. Généralement, il y a une barre de recherche en haut du gestionnaire de fichiers où vous pouvez saisir le nom du fichier que vous recherchez.'),
(30, 6, 1, '1. Formuler une Question ou une Phrase Clé', 'Commencez par formuler clairement votre question ou votre requête sous forme de phrase clé. Par exemple, si vous recherchez des recettes de cuisine végétarienne, vous pourriez taper \"recettes végétariennes faciles\".'),
(31, 6, 2, '2. Utiliser des Mots Clés Pertinents', 'Choisissez des mots clés pertinents qui décrivent précisément ce que vous recherchez. Évitez les mots vagues ou généraux qui pourraient conduire à des résultats non pertinents.'),
(32, 6, 3, '3. Utiliser des Filtres de Recherche\r\n', 'Utilisez les filtres de recherche disponibles sur le moteur de recherche pour affiner vos résultats. Vous pouvez filtrer par date, par type de contenu (images, vidéos, actualités, etc.), ou par région géographique.'),
(33, 6, 4, '4. Évaluer la Fiabilité des Sources\r\n', 'Lorsque vous examinez les résultats de recherche, assurez-vous de vérifier la fiabilité des sources. Privilégiez les sites web d\'institutions officielles, d\'organisations réputées, ou d\'experts reconnus dans le domaine.'),
(34, 6, 5, '5. Consulter les Résultats Pertinents\r\n', 'Passez en revue les résultats de recherche pour trouver ceux qui répondent le mieux à votre question ou à votre requête. Ouvrez les liens pertinents dans de nouveaux onglets pour les examiner plus en détail.'),
(35, 6, 6, '6. Considérer la Pertinence Contextuelle\r\n', 'Tenez compte du contexte de votre recherche et des informations connexes qui pourraient influencer les résultats. Par exemple, si vous recherchez des informations médicales, considérez les conseils d\'un professionnel de la santé.'),
(36, 6, 7, '7. Affiner et Itérer votre Recherche\r\n', 'Si les résultats de la première recherche ne répondent pas entièrement à votre question ou à votre besoin, n\'hésitez pas à affiner et à itérer votre recherche en modifiant vos mots clés ou en essayant différentes combinaisons de termes.'),
(37, 7, 1, '1. Ouvrir le Dossier de Téléchargements\r\n', 'Les fichiers téléchargés sont généralement enregistrés dans un dossier spécifique appelé \"Téléchargements\". Pour ouvrir ce dossier, cliquez sur l\'icône de dossier dans la barre des tâches ou appuyez sur la touche Windows + E pour ouvrir l\'Explorateur de Fichiers, puis accédez à \"Ce PC\" ou \"Ordinateur\" et sélectionnez \"Téléchargements\".'),
(38, 7, 2, '2. Rechercher le Fichier Téléchargé\r\n', 'Dans le dossier \"Téléchargements\", vous verrez une liste de fichiers téléchargés. Faites défiler la liste pour rechercher le fichier spécifique que vous avez téléchargé. Vous pouvez également utiliser la fonction de recherche en haut de la fenêtre de l\'Explorateur de Fichiers pour rechercher le fichier par son nom.'),
(39, 7, 3, '3. Vérifier les Dossiers de Téléchargement du Navigateur\r\n', 'Parfois, les fichiers téléchargés sont enregistrés dans des dossiers spécifiques du navigateur. Par exemple, dans Google Chrome, les fichiers téléchargés peuvent être consultés en cliquant sur les trois points en haut à droite du navigateur, en sélectionnant \"Téléchargements\". Dans Mozilla Firefox, vous pouvez accéder à vos téléchargements en cliquant sur l\'icône de bibliothèque en haut à droite et en sélectionnant \"Téléchargements\".'),
(40, 7, 4, '4. Utiliser l\'historique de Téléchargement\r\n', 'Si vous avez téléchargé récemment un fichier mais ne savez pas où il a été enregistré, vous pouvez consulter l\'historique de téléchargement de votre navigateur. Dans Google Chrome, cliquez sur les trois points en haut à droite, puis sélectionnez \"Téléchargements\". Dans Mozilla Firefox, cliquez sur l\'icône de bibliothèque, puis sélectionnez \"Téléchargements\".'),
(41, 8, 1, '1. Ouvrir les Paramètres du Navigateur\r\n', 'Commencez par ouvrir votre navigateur web préféré sur votre ordinateur. Ensuite, accédez aux paramètres du navigateur. Les paramètres peuvent être accessibles en cliquant sur les trois points verticaux ou horizontaux dans le coin supérieur droit de la fenêtre du navigateur.'),
(42, 8, 2, '2. Accéder aux Paramètres de Confidentialité ou de Sécurité\r\n', 'Dans les paramètres du navigateur, recherchez une section liée à la confidentialité ou à la sécurité. Cette section peut être intitulée \"Confidentialité et sécurité\", \"Confidentialité et cookies\", \"Confidentialité et sécurité du site\", ou quelque chose de similaire.'),
(43, 8, 3, '3. Choisir les Options de Gestion des Cookies\r\n', 'Une fois dans la section de confidentialité ou de sécurité, recherchez les options de gestion des cookies. Vous pouvez rencontrer des options telles que \"Cookies et autres données du site\", \"Paramètres de contenu\", ou \"Gérer les cookies\".'),
(44, 8, 4, '4. Sélectionner les Préférences de Cookies\r\n', 'En fonction de votre navigateur, vous aurez plusieurs options pour gérer les cookies. Vous pouvez choisir d\'accepter tous les cookies, de les bloquer complètement, ou de les autoriser uniquement sur certains sites web. Vous pouvez également effacer les cookies déjà enregistrés.'),
(45, 8, 5, '5. Personnaliser les Paramètres selon vos Préférences\r\n', 'Sélectionnez les paramètres qui correspondent le mieux à vos préférences en matière de confidentialité et de sécurité. Vous pouvez ajuster les paramètres selon vos besoins, par exemple en autorisant les cookies uniquement sur les sites web que vous visitez régulièrement, ou en supprimant automatiquement les cookies chaque fois que vous fermez le navigateur.\r\n'),
(46, 8, 6, '6. Enregistrer les Modifications', 'Une fois que vous avez défini vos préférences de gestion des cookies, assurez-vous d\'enregistrer les modifications. Cela peut impliquer de cliquer sur un bouton \"Enregistrer\", \"Appliquer\" ou \"OK\", selon votre navigateur.'),
(47, 8, 7, '7. Considérer les Options Avancées\r\n', 'Certains navigateurs offrent des options avancées de gestion des cookies, telles que la possibilité de bloquer les cookies tiers, de créer des listes d\'exceptions pour les cookies, ou de gérer les cookies de suivi. Explorez les options avancées si vous souhaitez un contrôle plus granulaire sur les cookies.'),
(48, 9, 1, '1. Évaluation de l\'espace disponible\r\n', 'Cliquez sur l\'icône de la pomme dans le coin supérieur gauche de l\'écran. Sélectionnez \"À propos de ce Mac\" dans le menu. Cliquez sur l\'onglet \"Stockage\" pour voir l\'espace disponible.\r\n'),
(49, 9, 2, '2. Utilisation de l\'outil de gestion\r\n', 'Dans la fenêtre \"À propos de ce Mac\", cliquez sur \"Gérer...\" à côté de la barre de stockage. Explorez les catégories pour identifier les fichiers volumineux ou inutiles.\r\n'),
(50, 9, 3, '3. Suppression des fichiers', 'Supprimez les fichiers inutiles en les déplaçant dans la corbeille. Videz régulièrement la corbeille pour libérer de l\'espace.\r\n'),
(51, 9, 4, '4. Utilisation des options de stockage supplémentaires\r\n', 'Explorez les options comme iCloud Drive pour stocker des fichiers dans le cloud. Utilisez Optimiser le stockage pour gérer automatiquement l\'espace.\r\n'),
(52, 9, 5, '5. Vérification régulière', 'Surveillez régulièrement l\'espace disponible et agissez si nécessaire.\r\nEn suivant ces étapes, vous pouvez efficacement gérer le stockage sur votre Mac.'),
(53, 10, 1, '1. Recherchez une Pharmacie en Ligne\r\n', 'Trouvez une pharmacie en ligne agréée et réputée. Assurez-vous qu\'elle est autorisée à vendre des médicaments en ligne et qu\'elle respecte toutes les réglementations en vigueur dans votre pays.\r\n'),
(54, 10, 2, '2. Créez un Compte ou Connectez-vous\r\n', 'Si vous êtes un nouveau client, créez un compte sur le site de la pharmacie en ligne en fournissant vos informations personnelles et de contact. Si vous avez déjà un compte, connectez-vous avec vos identifiants.'),
(55, 10, 3, '3. Recherchez vos Médicaments\r\n', 'Utilisez la fonction de recherche sur le site pour trouver les médicaments dont vous avez besoin. Vous pouvez rechercher par nom de médicament, ingrédient actif ou catégorie de médicament.\r\n'),
(56, 10, 4, '4. Ajoutez les Médicaments à votre Panier\r\n', 'Une fois que vous avez trouvé vos médicaments, ajoutez-les à votre panier d\'achat en spécifiant la quantité nécessaire. Assurez-vous de vérifier les informations sur les médicaments, telles que la posologie et les contre-indications.\r\n'),
(57, 10, 5, '5. Procédez au Paiement\r\n', 'Une fois que vous avez ajouté tous les médicaments à votre panier, procédez au paiement en suivant les instructions fournies par le site. Assurez-vous de fournir les informations de paiement nécessaires de manière sécurisée.\r\n'),
(58, 10, 6, '6. Fournissez une Ordonnance (si nécessaire)', 'Si vous commandez des médicaments sur ordonnance, vous devrez peut-être fournir une copie de votre ordonnance. Suivez les instructions du site pour soumettre votre ordonnance de manière sécurisée.'),
(59, 10, 7, '7. Choisissez le Mode de Livraison', 'Sélectionnez le mode de livraison qui vous convient le mieux. La pharmacie en ligne devrait proposer plusieurs options de livraison, telles que la livraison à domicile, en point relais ou en pharmacie physique.\r\n'),
(60, 10, 8, '8. Attendez la Livraison\r\n', 'Une fois votre commande passée, attendez la livraison de vos médicaments à l\'adresse que vous avez spécifiée. Assurez-vous de respecter les délais de livraison estimés.\r\n'),
(61, 10, 9, '9. Réceptionnez et Vérifiez votre Commande\r\n', 'Lorsque vous recevez votre commande, vérifiez attentivement les médicaments pour vous assurer qu\'ils correspondent à ce que vous avez commandé et qu\'ils sont en bon état.\r\n'),
(62, 10, 10, '10. Suivez les Instructions d\'Utilisation\r\n', 'Suivez les instructions d\'utilisation fournies avec vos médicaments et consultez un professionnel de santé en cas de doute ou de préoccupation.'),
(63, 11, 1, '1. Accéder au Site Web de Doctolib \n', 'Rendez-vous sur le site web de Doctolib en utilisant votre navigateur web préféré.'),
(64, 11, 2, '2. Accéder à la Page d\'Inscription ', 'Sur la page d\'accueil de Doctolib, recherchez le lien ou le bouton d\'inscription. Il peut être situé en haut à droite de la page ou dans le menu de navigation.'),
(65, 11, 3, '3. Choisir le Type de Compte', 'Doctolib propose différents types de comptes en fonction de votre profil. Sélectionnez le type de compte approprié, par exemple, \"Patient\" si vous êtes un patient ou \"Professionnel de Santé\" si vous êtes un professionnel de santé.'),
(66, 11, 4, '4. Remplir le Formulaire d\'Inscription \r\n', 'Remplissez le formulaire d\'inscription avec les informations requises. Cela peut inclure votre nom, prénom, adresse e-mail, numéro de téléphone, date de naissance, et éventuellement d\'autres informations pertinentes.'),
(67, 11, 5, '5. Créer un Mot de Passe ', 'Choisissez un mot de passe sécurisé pour votre compte Doctolib. Assurez-vous qu\'il contient une combinaison de lettres, de chiffres et de caractères spéciaux pour renforcer sa sécurité.'),
(68, 11, 6, '6. Validation et Confirmation ', 'Après avoir rempli tous les champs obligatoires du formulaire d\'inscription, cliquez sur le bouton de validation ou de confirmation pour créer votre compte.\r\n'),
(69, 11, 7, '7. Vérification de l\'Adresse E-mail \r\n', 'Doctolib peut vous demander de vérifier votre adresse e-mail en cliquant sur un lien de confirmation envoyé à l\'adresse que vous avez fournie.\r\n'),
(70, 11, 8, '8. Finaliser la Création du Compte ', 'Suivez les instructions supplémentaires fournies par Doctolib pour finaliser la création de votre compte. Cela peut inclure la configuration de vos préférences de notification, la sélection de votre médecin traitant (si applicable), ou d\'autres paramètres personnalisés.\r\n'),
(71, 12, 1, '1.  Accéder au site d\'Ubiclic', 'Ouvrez votre navigateur web préféré (Chrome, Firefox, Safari, etc.).\r\nDans la barre d\'adresse, saisissez l\'URL suivante : www.ubiclic.com puis appuyez sur \"Entrée\".'),
(72, 12, 2, '2. Accéder à la page d\'inscription\r\n', 'Une fois sur la page d\'accueil d\'Ubiclic, recherchez le lien ou le bouton \"S\'inscrire\" ou \"Créer un compte\". Cliquez dessus pour accéder à la page d\'inscription.'),
(73, 12, 3, '3. Remplir le formulaire d\'inscription\r\n', 'Sur la page d\'inscription, vous verrez un formulaire à remplir avec différentes informations personnelles.\r\nCommencez par entrer votre prénom, nom, adresse e-mail, et choisissez un mot de passe sécurisé.\r\nCertains formulaires peuvent demander d\'autres informations telles que votre adresse, numéro de téléphone, etc. Remplissez-les selon les indications.'),
(74, 12, 4, '4. Accepter les conditions d\'utilisation\r\n', 'Avant de pouvoir créer votre compte, vous devrez probablement accepter les conditions d\'utilisation ou la politique de confidentialité d\'Ubiclic. Assurez-vous de lire attentivement ces documents, puis cochez la case indiquant que vous les acceptez.\r\n'),
(75, 12, 5, '5. Vérifier et soumettre le formulaire\r\n', 'Après avoir rempli tous les champs nécessaires et accepté les conditions d\'utilisation, vérifiez une dernière fois les informations que vous avez fournies.\r\nAssurez-vous que votre adresse e-mail est correcte, car vous devrez peut-être la vérifier par la suite.\r\nUne fois que vous êtes sûr que tout est correct, cliquez sur le bouton \"S\'inscrire\" ou \"Créer mon compte\" pour soumettre le formulaire.\r\n'),
(76, 12, 6, '6. Vérifier votre adresse e-mail\r\n', 'Selon la politique de sécurité d\'Ubiclic, il se peut que vous deviez vérifier votre adresse e-mail en cliquant sur un lien de confirmation envoyé à votre boîte de réception.\r\nOuvrez votre boîte e-mail et cherchez l\'e-mail d\'Ubiclic. Cliquez sur le lien de vérification à l\'intérieur pour confirmer votre compte.\r\n'),
(77, 12, 7, '7. Connexion à votre compte\r\n', 'Une fois votre compte créé et vérifié, retournez sur le site d\'Ubiclic.\r\nUtilisez votre adresse e-mail et votre mot de passe pour vous connecter à votre nouveau compte.\r\nVous devriez maintenant avoir accès à toutes les fonctionnalités et services proposés par Ubiclic !'),
(78, 13, 1, '1. Ouvrir votre Client de Messagerie', 'Commencez par ouvrir votre client de messagerie électronique préféré sur votre ordinateur ou votre appareil mobile. Les clients de messagerie populaires incluent Gmail, Outlook, Yahoo Mail, et d\'autres.'),
(79, 13, 2, '2. Se Connecter à votre Compte Mail\r\n', 'Une fois votre client de messagerie ouvert, entrez vos identifiants de connexion (adresse e-mail et mot de passe) pour accéder à votre boîte mail. Assurez-vous de saisir les informations correctes pour vous connecter avec succès.'),
(80, 13, 3, '3. Consulter vos E-mails Entrants\r\n', 'Une fois connecté, vous accéderez à votre boîte de réception où vous pourrez consulter tous les e-mails \r\nentrants. Les e-mails récents apparaîtront en haut de la liste. Cliquez sur un e-mail pour l\'ouvrir et en afficher le contenu.\r\n'),
(81, 13, 4, '4. Écrire un Nouvel E-mail\r\n', 'Pour rédiger un nouvel e-mail, recherchez un bouton ou une option étiquetée \"Nouveau message\" ou \"Composer\" dans votre client de messagerie. Cliquez dessus pour ouvrir une nouvelle fenêtre où vous pourrez rédiger votre e-mail.'),
(82, 13, 5, '5. Répondre ou Transférer des E-mails', 'Si vous souhaitez répondre à un e-mail reçu, cliquez sur le bouton \"Répondre\" ou \"Répondre à tous\" pour répondre à l\'expéditeur ou à tous les destinataires de l\'e-mail. Vous pouvez également cliquer sur \"Transférer\" pour transférer l\'e-mail à une autre personne.\r\n'),
(83, 13, 6, '6. Organiser vos E-mails\r\n', 'Utilisez les dossiers ou libellés disponibles dans votre client de messagerie pour organiser vos e-mails. Vous pouvez créer des dossiers pour trier les e-mails par catégorie (travail, personnel, etc.) ou utiliser des libellés pour marquer les e-mails selon leur importance ou leur statut.\r\n'),
(84, 13, 7, '7. Utiliser les Fonctionnalités de Gestion', 'Explorez les différentes fonctionnalités de gestion disponibles dans votre client de messagerie, telles que la recherche avancée, les filtres de messagerie, les règles de tri automatique, les réponses automatiques (vacances), et bien plus encore.'),
(85, 13, 8, '8. Protéger votre Compte Mail', 'Assurez-vous de garder votre compte mail sécurisé en utilisant un mot de passe fort et en activant la vérification en deux étapes si disponible. Évitez de cliquer sur des liens suspects ou de télécharger des pièces jointes provenant d\'expéditeurs inconnus pour prévenir les attaques de phishing.'),
(86, 13, 9, '9. Se Déconnecter en Fin de Session\r\n', 'Lorsque vous avez terminé de consulter vos e-mails, pensez à vous déconnecter de votre compte mail pour protéger votre vie privée et votre sécurité. Recherchez l\'option \"Déconnexion\" ou \"Se Déconnecter\" dans votre client de messagerie et cliquez dessus pour vous déconnecter.'),
(87, 14, 1, '1.Utilisez une Longueur Adéquate\r\n', 'Conseil : Votre mot de passe doit avoir au moins 12 caractères.\r\nExemple : au lieu de \"chien123\", utilisez \"MonChien2024EstGrand!\"\r\n'),
(88, 14, 2, '2. Mélangez Différents Types de Caractères\r\n', 'Conseil : Utilisez des lettres majuscules, des lettres minuscules, des chiffres et des caractères spéciaux.\r\nExemple : \"P@ssw0rd!123\" est plus sécurisé que \"password123\".\r\n'),
(89, 14, 3, '3. Évitez les Informations Personnelles Faciles à Deviner', 'Conseil : N\'utilisez pas votre nom, date de naissance ou des mots courants.\r\nExemple : Au lieu de \"Marie1990\", utilisez \"M@r!e!990$\"\r\n'),
(90, 14, 4, '4. Utilisez des Mots de Passe Uniques pour Chaque Compte\r\n', 'Conseil : Ne réutilisez pas le même mot de passe pour plusieurs comptes.\r\nExemple : Si votre mot de passe pour votre email est \"Ema!l2024$\", utilisez un autre comme \"Banque$2024!\"\r\n'),
(91, 14, 5, '5. Essayez de Créer une Phrase de Passe\r\n', 'Conseil : Utilisez une phrase facile à retenir mais difficile à deviner.\r\nExemple : \"J\'adoreLesP@tesÀLaCarbon@ra!\"\r\n'),
(92, 14, 6, '6. Utilisez un Gestionnaire de Mots de Passe\r\n', 'Conseil : Les gestionnaires de mots de passe peuvent générer et stocker des mots de passe complexes pour vous.\r\nExemple : Utilisez des outils comme LastPass, 1Password ou Bitwarden.\r\n'),
(93, 15, 1, '1. Accédez à la Page de Connexion\r\n', 'Allez sur le site ou l\'application où vous avez oublié votre mot de passe.\r\nExemple : Page de connexion de votre email.\r\n'),
(94, 15, 2, '2. Cliquez sur \"Mot de Passe Oublié\"\r\n', 'Cherchez et cliquez sur le lien ou le bouton \"Mot de passe oublié\" ou \"Forgot Password\".\r\nExemple : En dessous du champ de saisie du mot de passe.\r\n'),
(95, 15, 3, '3. Entrez Votre Adresse Email ou Nom d\'Utilisateur\r\n', 'Saisissez l\'adresse email ou le nom d\'utilisateur associé à votre compte.\r\nExemple : tapez \"votreemail@example.com\".\r\n'),
(96, 15, 4, '4. Vérifiez Votre Email\r\n', 'Consultez votre boîte de réception pour un email de récupération.\r\nExemple : Recherchez un email avec un lien de réinitialisation.\r\n'),
(97, 15, 5, '5. Cliquez sur le Lien de Réinitialisation\n', 'Ouvrez l\'email et cliquez sur le lien fourni pour réinitialiser votre mot de passe.\r\nExemple : \"Cliquez ici pour réinitialiser votre mot de passe”.\r\n'),
(98, 15, 6, '6. Créez un Nouveau Mot de Passe\n', 'Suivez les instructions pour créer un nouveau mot de passe sécurisé.\r\nExemple : Saisissez un mot de passe fort comme \"N0uve@uP@ssw0rd!2024\".\r\n'),
(99, 15, 7, '7. Connectez-Vous avec Votre Nouveau Mot de Passe\n', 'Retournez à la page de connexion et utilisez votre nouveau mot de passe.\r\nExemple : Entrez \"N0uve@uP@ssw0rd!2024\" pour vous connecter.\r\n'),
(100, 16, 1, '1. Utilisez des mots de passe sécurisés\r\n', 'Créez des mots de passe forts et uniques pour chaque compte.\r\nExemple : \"S3cur!t3P@ssw0rd!\"'),
(101, 16, 2, '2. Activez l\'authentification à deux facteurs (2FA)\r\n', 'Ajoutez une couche de sécurité supplémentaire avec un code envoyé sur votre téléphone.\r\nExemple : Utilisez Google Authenticator ou SMS pour 2FA.\r\n'),
(102, 16, 3, '3. Mettez à jour vos logiciels\r\n', 'Installez régulièrement les mises à jour de votre système d\'exploitation, navigateur et logiciels.\r\nExemple : Activez les mises à jour automatiques.\r\n'),
(103, 16, 4, '4. Utilisez un antivirus et un pare-feu\r\n', 'Installez et maintenez à jour un logiciel antivirus et un pare-feu.\r\nExemple : Utilisez Windows Defender ou Avast.\r\n'),
(104, 16, 5, '5. Soyez vigilant avec les emails et les liens\r\n', 'Ne cliquez pas sur des liens ou n\'ouvrez pas des pièces jointes provenant d\'expéditeurs inconnus.\r\nExemple : Vérifiez l\'adresse email de l\'expéditeur avant de cliquer.\r\n'),
(105, 16, 6, '6. Naviguez sur des sites sécurisés\r\n', 'Assurez-vous que l\'URL commence par \"https://\" et recherchez un cadenas dans la barre d\'adresse.\r\nExemple : https://www.example.com'),
(106, 16, 7, '7. Utilisez un réseau privé virtuel (VPN)\r\n', 'Utilisez un VPN pour chiffrer votre connexion internet, surtout sur les réseaux Wi-Fi publics.\r\nExemple : Utilisez NordVPN ou ExpressVPN.\r\n'),
(107, 16, 8, '8. Déconnectez-vous après utilisation\n', 'Déconnectez-vous de vos comptes après utilisation, surtout sur des ordinateurs partagés.\r\nExemple : Cliquez sur \"Déconnexion\" après avoir utilisé un service en ligne.'),
(108, 17, 1, '1. Reconnaître les Emails de Phishing\r\n', 'Méfiez-vous des emails non sollicités demandant des informations personnelles.\r\nExemple : Un email prétendant être votre banque demandant votre mot de passe.\r\n'),
(109, 17, 2, '2. Protégez vos Informations Personnelles\r\n', 'Ne partagez pas vos informations sensibles sur des sites non sécurisés.\r\nExemple : Ne donnez pas votre numéro de sécurité sociale en ligne sans vérifier la légitimité du site.\r\n'),
(110, 17, 3, '3. Utilisez des Mots de Passe Sécurisés', 'Créez des mots de passe forts et uniques pour chaque compte.\r\nExemple : \"S3cur!t3P@ssw0rd!\"\r\n'),
(111, 17, 4, '4. Méfiez-vous des Téléchargements\r\n', 'Ne téléchargez que des logiciels et fichiers à partir de sources fiables.\r\nExemple : Téléchargez des applications uniquement depuis les boutiques officielles comme Google Play ou l\'App Store.\r\n'),
(112, 17, 5, '5. Gardez Vos Logiciels à Jour', 'Installez régulièrement les mises à jour de sécurité pour tous vos appareils.\r\nExemple : Activez les mises à jour automatiques pour votre système d\'exploitation et vos applications.\r\n'),
(113, 17, 6, '6. Activez l\'Authentification à Deux Facteurs (2FA)\r\n', 'Utilisez 2FA pour ajouter une couche de sécurité supplémentaire à vos comptes en ligne.\r\nExemple : Recevez un code de vérification sur votre téléphone lors de la connexion.\r\n'),
(114, 17, 7, '7. Utilisez un Antivirus et un Pare-feu\r\n', 'Protégez vos appareils avec des logiciels antivirus et un pare-feu à jour.\r\nExemple : Utilisez Windows Defender ou Norton.\r\n'),
(115, 17, 8, '8. Soyez Prudent avec les Réseaux Wi-Fi Publics\r\n', 'Évitez de saisir des informations sensibles sur des réseaux Wi-Fi publics non sécurisés.\r\nExemple : N\'effectuez pas d\'opérations bancaires sur un Wi-Fi public sans utiliser un VPN.\r\n'),
(116, 18, 1, '1. Accéder au site web de Zoom\r\n', 'Ouvrez votre navigateur web préféré (Chrome, Firefox, Safari, etc.).\r\nDans la barre d\'adresse, saisissez l\'URL suivante : https://zoom.us/fr/download puis appuyez sur \"Entrée\".'),
(117, 18, 2, '2. Accéder à la page d\'inscription', 'Sur la page d\'accueil de Zoom, recherchez le lien ou le bouton \"S\'inscrire\" ou \"S\'inscrire gratuitement\". Cliquez dessus pour accéder à la page d\'inscription.'),
(118, 18, 3, '3. Remplir le formulaire d\'inscription\r\n', 'Sur la page d\'inscription, vous verrez un formulaire à remplir avec différentes informations personnelles.\r\nCommencez par entrer votre date de naissance, puis votre adresse e-mail et votre prénom.\r\nCréez ensuite un mot de passe sécurisé pour votre compte Zoom. Assurez-vous qu\'il respecte les exigences de sécurité de Zoom en termes de longueur et de complexité.\r\n'),
(119, 18, 4, '4. Accepter les conditions d\'utilisation\r\n', 'Avant de pouvoir créer votre compte, vous devrez probablement accepter les conditions d\'utilisation ou la politique de confidentialité de Zoom. Assurez-vous de les lire attentivement, puis cochez la case indiquant que vous les acceptez.'),
(120, 18, 5, '5. Vérifier votre adresse e-mail\r\n', 'Après avoir rempli le formulaire, vous devrez peut-être vérifier votre adresse e-mail en cliquant sur un lien de confirmation envoyé à votre boîte de réception.\r\nOuvrez votre boîte e-mail et cherchez l\'e-mail de confirmation de Zoom. Cliquez sur le lien de vérification à l\'intérieur pour confirmer votre compte.\r\n'),
(121, 18, 6, '6. Personnaliser votre compte \r\n', 'Une fois votre compte créé et vérifié, vous pouvez personnaliser votre profil en ajoutant une photo, en modifiant vos paramètres de confidentialité, etc.\r\n'),
(122, 18, 7, '7. Connexion à votre compte\r\n', 'Retournez sur le site de Zoom et utilisez votre adresse e-mail et votre mot de passe pour vous connecter à votre nouveau compte.\r\nVous devriez maintenant avoir accès à toutes les fonctionnalités et services proposés par Zoom !\r\n'),
(123, 19, 1, '1. Accéder à Google Meet\r\n', 'Ouvrez votre navigateur web préféré (Chrome, Firefox, Safari, etc.).\r\nDans la barre d\'adresse, saisissez l\'URL suivante : meet.google.com puis appuyez sur \"Entrée\".'),
(124, 19, 2, '2. Se connecter à votre compte Google\r\n', 'Si vous avez déjà un compte Google, connectez-vous en utilisant votre adresse e-mail et votre mot de passe. Si vous n\'avez pas de compte, vous pouvez en créer un en cliquant sur \"Se connecter\" puis sur \"Créer un compte\" et en suivant les instructions.'),
(125, 19, 3, '3. Rejoindre ou créer une réunion\r\n', 'Une fois connecté, vous verrez un bouton \"Rejoindre ou créer une réunion\". Vous pouvez soit rejoindre une réunion en saisissant le code de la réunion fourni par l\'organisateur, soit créer une nouvelle réunion en cliquant sur \"Nouvelle réunion\".'),
(126, 19, 4, '4. Planifier une réunion à l\'avance\r\n', 'Si vous souhaitez planifier une réunion à l\'avance, vous pouvez cliquer sur \"Planifier une réunion\" et remplir les détails de la réunion, tels que le titre, la date et l\'heure, ainsi que les invités.'),
(127, 19, 5, '5. Démarrer la réunion\r\n', 'Une fois que vous avez rejoint ou créé une réunion, vous serez redirigé vers la salle de réunion virtuelle.\r\nAvant de démarrer la réunion, assurez-vous que votre microphone et votre caméra fonctionnent correctement en effectuant un test dans les paramètres de votre navigateur.\r\n'),
(128, 19, 6, '6. Inviter des participants\r\n', 'Si vous n\'avez pas déjà invité des participants à la réunion, vous pouvez le faire en copiant le lien de la réunion et en l\'envoyant par e-mail ou en partageant le code de la réunion avec eux.'),
(129, 19, 7, '7. Utiliser les fonctionnalités de la réunion\r\n', 'Pendant la réunion, vous pouvez utiliser différentes fonctionnalités telles que le partage d\'écran, le chat, les sous-titres en direct, etc. en utilisant les boutons et les options disponibles en bas de l\'écran.'),
(130, 19, 8, '8. Terminer la réunion\r\n', 'Lorsque la réunion est terminée, vous pouvez cliquer sur le bouton \"Terminer la réunion\" pour quitter la salle de réunion virtuelle. Vous pouvez également choisir de laisser les autres participants dans la réunion.'),
(131, 20, 1, '1. Télécharger et installer Zoom\r\n', 'Ouvrez votre navigateur web et allez sur le site officiel de Zoom à l\'adresse zoom.us.\r\nCliquez sur le bouton \"Se connecter\" en haut à droite si vous avez déjà un compte Zoom. Sinon, cliquez sur \"S\'inscrire, c\'est gratuit\" pour créer un compte.\r\nUne fois connecté ou inscrit, téléchargez et installez l\'application Zoom en suivant les instructions pour votre système d\'exploitation (Windows, macOS, iOS ou Android).\r\n'),
(132, 20, 2, '2. Se connecter à Zoom\r\n', 'Lancez l\'application Zoom que vous avez installée.\r\nSi vous avez déjà un compte Zoom, saisissez votre adresse e-mail et votre mot de passe, puis cliquez sur \"Se connecter\". Sinon, cliquez sur \"S\'inscrire\" pour créer un compte.\r\n'),
(133, 20, 3, '3. Rejoindre une réunion\r\n', 'Si vous avez été invité à une réunion Zoom, vous pouvez rejoindre la réunion en cliquant sur le lien fourni dans l\'invitation. Cela ouvrira automatiquement l\'application Zoom et vous rejoindrez la réunion.\r\nSi vous souhaitez rejoindre une réunion sans invitation, vous pouvez le faire en saisissant le code de la réunion ou le lien dans l\'application Zoom, puis en cliquant sur \"Rejoindre\".\r\n'),
(134, 20, 4, '4. Démarrer une réunion\r\n', 'Si vous souhaitez démarrer votre propre réunion, cliquez sur \"Nouvelle réunion\" dans l\'application Zoom.\r\nVous aurez la possibilité de démarrer la réunion avec ou sans vidéo, ainsi que de planifier une réunion pour une date ultérieure.\r\n'),
(135, 20, 5, '5. Utiliser les fonctionnalités de Zoom\r\n', 'Pendant la réunion, vous pouvez utiliser différentes fonctionnalités telles que le partage d\'écran, le chat, le tableau blanc, etc. en utilisant les boutons et les options disponibles en bas de l\'écran.\r\nVous pouvez également gérer les participants, activer ou désactiver votre microphone et votre caméra, et enregistrer la réunion si nécessaire.\r\n'),
(136, 20, 6, '6. Quitter ou terminer la réunion\r\n', 'Lorsque la réunion est terminée, vous pouvez quitter la réunion en cliquant sur le bouton \"Quitter la réunion\" en bas de l\'écran.\r\nSi vous êtes l\'hôte de la réunion, vous aurez également la possibilité de \"Terminer la réunion pour tous\" pour mettre fin à la réunion pour tous les participants.\r\n'),
(137, 21, 1, '1. Créer un Nouveau Message\r\n', 'Ouvrez votre client de messagerie et commencez à composer un nouveau message en cliquant sur le bouton \"Nouveau message\" ou \"Composer\" (le libellé peut varier selon le client de messagerie).'),
(138, 21, 2, '2. Ajouter le Destinataire et le Sujet\r\n', 'Entrez l\'adresse e-mail du destinataire dans le champ \"À\" et ajoutez un sujet approprié à votre e-mail dans le champ \"Sujet\".\r\n'),
(139, 21, 3, '3. Cliquer sur le Bouton d\'Attacher un Fichier\r\n', 'Cherchez un bouton ou une option dans votre client de messagerie qui vous permettra d\'attacher un fichier. Cela peut être représenté par une icône de trombone ou par un libellé tel que \"Attacher un fichier\", \"Joindre un fichier\" ou \"Insérer des fichiers\".'),
(140, 21, 4, '4. Sélectionner le Fichier à Attacher\r\n', 'Une fois que vous avez cliqué sur le bouton pour attacher un fichier, une fenêtre de dialogue s\'ouvrira pour vous permettre de naviguer jusqu\'à l\'emplacement du fichier que vous souhaitez joindre. Trouvez le fichier dans votre système de fichiers et cliquez sur \"Ouvrir\" ou \"Sélectionner\" pour l\'attacher à votre e-mail.'),
(141, 21, 5, '5. Terminer le Message\r\n', 'Une fois que vous avez attaché tous les fichiers nécessaires, terminez de composer votre message en ajoutant le contenu désiré dans le corps de l\'e-mail.\r\n'),
(142, 21, 6, '6. Envoyer l\'E-mail\r\n', 'Une fois que vous avez terminé de composer votre e-mail et que vous avez attaché tous les fichiers nécessaires, cliquez sur le bouton \"Envoyer\" pour envoyer votre e-mail avec les fichiers joints.'),
(143, 3, 1, '1. Préparation\r\n', 'Avant de commencer la révision avec votre enfant, assurez-vous d\'avoir un accès internet stable et un environnement de travail calme et confortable.'),
(144, 3, 2, '2.  Exploration de Lumni.fr\r\n', 'Rendez-vous sur le site Lumni.fr dans votre navigateur web.\r\nExplorez les différentes catégories disponibles, telles que les matières scolaires, les niveaux d\'enseignement et les ressources éducatives.\r\nChoisissez une matière spécifique que votre enfant souhaite réviser, par exemple les mathématiques ou la géographie.\r\nSélectionnez des vidéos, des exercices interactifs ou des jeux éducatifs pertinents pour le niveau et les besoins de votre enfant.\r\nVisionnez les vidéos et complétez les activités proposées ensemble, en discutant des concepts et en répondant aux questions.\r\n'),
(145, 3, 3, '3. Utilisation de Les Fondamentaux.fr\r\n', 'Accédez au site Les Fondamentaux.fr dans votre navigateur.\r\nExplorez les différentes matières et compétences couvertes, telles que la lecture, les mathématiques, les sciences et l\'histoire.\r\nSélectionnez une compétence spécifique que votre enfant souhaite renforcer, comme la conjugaison des verbes ou la compréhension de texte.\r\nParcourez les différentes activités interactives et les vidéos disponibles pour cette compétence.\r\nTravaillez ensemble sur les exercices et les leçons interactives, en encourageant votre enfant à poser des questions et à exprimer ses idées.\r\n'),
(146, 3, 4, '4. Découverte des Odyssées par France Inter\r\n', 'Visitez la section Les Odyssées sur le site de France Inter.\r\nParcourez les différentes séries audio disponibles, qui présentent des sujets intéressants et éducatifs dans des formats captivants.\r\nChoisissez une série qui intéresse votre enfant, comme l\'histoire, les sciences ou la culture.\r\nÉcoutez ensemble un épisode de la série sélectionnée, en discutant des faits intéressants et en posant des questions pour encourager la réflexion.\r\nProfitez de cette expérience audio pour élargir les horizons de votre enfant et susciter sa curiosité pour le monde qui l\'entoure.\r\n'),
(147, 3, 5, '5. Conclusion\r\n', 'Une fois la session de révision terminée, prenez le temps de discuter avec votre enfant de ce qu\'il a appris et de ce qu\'il a trouvé le plus utile ou intéressant. Encouragez-le à continuer à explorer les ressources en ligne disponibles et à poser des questions chaque fois qu\'il en a besoin. Répétez régulièrement ces sessions de révision pour renforcer les connaissances de votre enfant et favoriser son développement académique et personnel.'),
(148, 22, 1, '1. Accéder au site web de Parcoursup', 'Ouvrez votre navigateur et allez sur www.parcoursup.fr.'),
(149, 22, 2, '2. Créer un Compte', 'Sur la page d\'accueil, recherchez et cliquez sur un bouton ou un lien appelé \"S\'inscrire\" ou \"Créer un compte\".\r\n'),
(150, 22, 3, '3. Renseigner les Informations Initiales', 'Fournissez une adresse e-mail valide et créez un mot de passe sécurisé. Vous devrez également fournir des informations personnelles telles que votre numéro INE (Identifiant National Élève) si vous en avez un.'),
(151, 22, 4, '4. Valider l\'Inscription', 'Après avoir rempli le formulaire, vous recevrez un e-mail. Ouvrez cet e-mail et cliquez sur le lien pour activer votre compte.'),
(152, 22, 5, '5. Se Connecter à son Compte', 'Retournez sur www.parcoursup.fr et cliquez sur \"Se connecter\". Utilisez votre adresse e-mail et le mot de passe que vous avez choisi pour vous connecter.'),
(153, 22, 6, '6. Accéder à votre Dossier', 'Une fois connecté, cliquez sur \"Mon dossier\" ou \"Accéder à mon dossier\" pour commencer à compléter votre dossier de candidature.'),
(154, 22, 7, '7. Compléter les Informations Personnelles', 'Suivez les instructions pour remplir chaque section de votre dossier. Vous devrez fournir des informations personnelles, vos études précédentes, vos centres d\'intérêt, etc.'),
(155, 22, 8, '8. Télécharger les Documents', 'Si nécessaire, vous devrez télécharger des documents comme vos bulletins de notes. Suivez les instructions pour le faire.'),
(156, 22, 9, '9. Sauvegarder', 'Assurez-vous de cliquer sur le bouton \"Sauvegarder\" ou \"Enregistrer\" régulièrement pour ne pas perdre vos progrès.'),
(157, 23, 1, '1. Créer un Compte sur Parcoursup', 'Rendez-vous sur Parcoursup, cliquez sur \"Créer mon dossier 2024\", et renseignez vos informations personnelles. Créez un mot de passe sécurisé et validez votre inscription. Vous recevrez un e-mail de confirmation avec un lien pour activer votre compte.'),
(158, 23, 2, '2. Remplir le Dossier Parcoursup', 'Connectez-vous à votre compte Parcoursup et complétez votre profil avec vos coordonnées et informations personnelles. Renseignez votre parcours scolaire en indiquant les établissements fréquentés, les classes suivies, et vos notes et appréciations des deux dernières années. Rédigez également votre projet de formation motivé, expliquant pourquoi vous souhaitez intégrer les formations choisies.'),
(159, 23, 3, '3. Déclaration de la Situation de Handicap\r\n', 'Indiquez votre situation de handicap dans la section \"Ma préférence\" et \"Situation particulière\". Fournissez un certificat médical ou une reconnaissance de votre handicap (RQTH) et joignez tout autre document justifiant votre situation et vos besoins spécifiques.'),
(160, 23, 4, '4. Dispositifs d\'Accompagnement\r\n', 'Consultez la rubrique \"Accéder à l\'enseignement supérieur avec un handicap\" sur Parcoursup pour connaître les aides disponibles. Prenez contact avec le référent handicap de chaque établissement pour discuter de vos besoins spécifiques et demander les aménagements nécessaires pour vos études et examens (temps supplémentaire, matériel adapté, etc.).'),
(161, 23, 5, '5. Conseils Pratiques\r\n', 'Préparez votre dossier bien avant la date limite pour éviter tout stress de dernière minute. N\'hésitez pas à demander de l\'aide à vos professeurs, conseillers d\'orientation, ou associations de soutien aux étudiants en situation de handicap. Notez les dates importantes de Parcoursup (ouverture des inscriptions, date limite de soumission, etc.) et respectez-les scrupuleusement.'),
(162, 23, 6, '6. Conclusion', 'En suivant ces étapes, vous mettrez toutes les chances de votre côté pour réussir votre inscription sur Parcoursup et accéder à l\'enseignement supérieur avec les aménagements nécessaires pour votre situation de handicap. De nombreux dispositifs et aides sont disponibles pour vous soutenir tout au long de votre parcours académique.'),
(163, 24, 1, '1. Créer un Compte sur Parcoursup', 'Accédez à Parcoursup et créez votre compte en cliquant sur \"Créer mon dossier 2024\". Renseignez vos informations personnelles, créez un mot de passe, et validez votre inscription.'),
(164, 24, 2, '2. Se Connecter à Parcoursup', 'Connectez-vous à votre compte en utilisant votre identifiant et mot de passe.'),
(165, 24, 3, '3. Accéder à la Rubrique \"Formuler des Vœux\"', 'Dans votre tableau de bord, accédez à la rubrique \"Formuler des vœux\".'),
(166, 24, 4, '4. Rechercher des Formations en Apprentissage', 'Utilisez le moteur de recherche pour trouver des formations en apprentissage. Vous pouvez filtrer les résultats par domaine, localisation, et type de diplôme.'),
(167, 24, 5, '5. Sélectionner les Formations', 'Sélectionnez les formations en apprentissage qui vous intéressent en cliquant sur \"Ajouter à la liste de vœux\".'),
(168, 24, 6, '6. Compléter les Informations Demandées', 'Pour chaque vœu, complétez les informations demandées, telles que le projet de formation motiver et les justificatifs spécifiques à l\'apprentissage (CV, lettre de motivation, etc.).'),
(169, 24, 7, '7. Valider et Soumettre vos Vœux\r\n', 'Après avoir complété toutes les informations pour chaque vœu, validez et soumettez vos vœux avant la date limite.'),
(170, 24, 8, '8. Suivre l\'Avancement de vos Vœux', 'Surveillez régulièrement votre tableau de bord Parcoursup pour suivre l\'avancement de vos vœux et les réponses des établissements.'),
(171, 24, 9, '9. Préparer les Entretiens d\'Apprentissage', 'En cas de sélection, préparez-vous aux entretiens avec les employeurs potentiels en vous renseignant sur l\'entreprise et en vous entraînant à présenter votre parcours et vos motivations.'),
(172, 24, 10, '10. Confirmer votre Choix', 'Une fois que vous avez reçu des propositions d\'apprentissage, confirmez votre choix sur Parcoursup en respectant les délais indiqués.'),
(173, 25, 1, '1. Créer un Compte sur Parcoursup\r\n', 'Accédez à Parcoursup et créez votre compte en cliquant sur \"Créer mon dossier 2024\". Renseignez vos informations personnelles, créez un mot de passe, et validez votre inscription.\r\n'),
(174, 25, 2, '2. Se Connecter à Parcoursup', 'Connectez-vous à votre compte en utilisant votre identifiant et mot de passe.'),
(175, 25, 3, '3. Accéder à la Rubrique \"Compléter son Dossier\"', 'Dans votre tableau de bord, accédez à la rubrique \"Compléter son dossier\".'),
(176, 25, 4, '4. Renseigner les Informations Personnelles', 'Complétez toutes les informations personnelles demandées, comme votre adresse, numéro de téléphone, et situation familiale.'),
(177, 25, 5, '5. Indiquer le Parcours Scolaire', 'Renseignez les détails de votre parcours scolaire : établissements fréquentés, classes suivies, et les notes des deux dernières années.'),
(178, 25, 6, '6. Ajouter les Expériences et Centres d\'Intérêt', 'Mentionnez vos expériences professionnelles, stages, bénévolats, et vos centres d\'intérêt pertinents.'),
(179, 25, 7, '7. Rédiger le Projet de Formation Motivé', 'Rédigez un projet de formation motivé pour chaque vœu, expliquant pourquoi vous souhaitez intégrer cette formation et comment elle s\'inscrit dans votre projet professionnel.'),
(180, 25, 8, '8. Joindre les Documents Requis\r\n', 'Téléchargez tous les documents nécessaires : bulletins de notes, certificats, lettres de recommandation, etc.'),
(181, 25, 9, '9. Vérifier et Valider le Dossier', 'Revérifiez toutes les informations et documents pour vous assurer qu\'ils sont complets et corrects. Ensuite, validez votre dossier.'),
(182, 25, 10, '10. Suivre les Notifications et Réponses', 'Surveillez régulièrement votre tableau de bord pour suivre les notifications et les réponses des établissements.'),
(183, 26, 1, '1. Comprendre l\'Importance de la Lettre de Motivation', 'La lettre de motivation est une opportunité de présenter votre parcours, vos motivations et de démontrer votre intérêt pour la formation souhaitée. Elle peut faire la différence dans la sélection de votre dossier.'),
(184, 26, 2, '2. Se Connecter à Parcoursup\r\n', 'Accédez à Parcoursup et connectez-vous à votre compte en utilisant votre identifiant et mot de passe.'),
(185, 26, 3, '3. Accéder à la Rubrique \"Projet de Formation Motivé\"', 'Dans votre tableau de bord, accédez à la rubrique \"Formuler des vœux\" puis cliquez sur \"Projet de formation motivé\" pour le vœu concerné.'),
(186, 26, 4, '4. Structurer la Lettre de Motivation', 'Utilisez une structure claire : introduction, développement et conclusion. Chaque partie doit être bien distincte.\r\n'),
(187, 26, 5, '5. Introduction', 'Présentez-vous brièvement et mentionnez la formation pour laquelle vous postulez. Expliquez en une phrase pourquoi vous êtes intéressé par cette formation.');
INSERT INTO `etape` (`id_etape`, `ressource_type_id`, `numero_etape`, `titre_etape`, `description_etape`) VALUES
(188, 26, 6, '6. Développement', 'Décrivez votre parcours académique et/ou professionnel pertinent. Expliquez vos motivations en détail : pourquoi cette formation, vos objectifs professionnels, et comment cette formation s\'inscrit dans votre projet de carrière.'),
(189, 26, 7, '7. Conclusion', 'Terminez en réitérant votre intérêt pour la formation et en remerciant le lecteur pour sa considération. Mentionnez que vous êtes disponible pour un entretien si nécessaire.'),
(190, 26, 8, '8. Relire et Corriger la Lettre', 'Relisez attentivement votre lettre pour corriger les fautes d’orthographe et de grammaire. Faites-la relire par quelqu\'un d\'autre pour un avis extérieur.'),
(191, 26, 9, '9. Soumettre la Lettre de Motivation', 'Une fois satisfait de votre lettre, copiez-la dans le champ dédié sur Parcoursup et soumettez-la pour le vœu concerné.');

-- --------------------------------------------------------

--
-- Structure de la table `glossaire`
--

CREATE TABLE `glossaire` (
  `Id_glossaire` int(11) NOT NULL,
  `Mot` varchar(100) NOT NULL,
  `Definition` varchar(500) NOT NULL,
  `Synonyme` varchar(100) NOT NULL
) ENGINE=InnoDB DEFAULT CHARSET=utf8mb4;

--
-- Déchargement des données de la table `glossaire`
--

INSERT INTO `glossaire` (`Id_glossaire`, `Mot`, `Definition`, `Synonyme`) VALUES
(93, 'Adresse IP', 'Une série unique de chiffres attribuée à chaque appareil connecté à un réseau informatique, permettant son identification et sa communication avec d\'autres appareils sur le réseau.', 'Adresse Internet, adresse réseau, IP Address'),
(94, 'Ancre', 'Un élément HTML utilisé pour créer des liens hypertextes vers d\'autres pages web ou des emplacements spécifiques sur la même page.', 'Lien, hyperlien, point d\'ancrage, Anchor'),
(95, 'Annuaire', 'Un répertoire ou une liste organisée de données, souvent utilisé en informatique pour stocker des informations telles que des noms, des adresses, des numéros de téléphone, etc.', 'Liste, répertoire, index, Directory'),
(96, 'Antivirus', 'Un logiciel conçu pour détecter, prévenir et supprimer les logiciels malveillants, tels que les virus, les vers, les chevaux de Troie, etc., sur un ordinateur ou un réseau.', 'Logiciel de sécurité, programme antivirus, Antivirus'),
(97, 'APN', 'Les paramètres de configuration utilisés par les appareils mobiles pour se connecter au réseau mobile de données.', 'Nom du point d\'accès, paramètres de connexion, Access Point Name'),
(98, 'API', 'Un ensemble de protocoles, de routines et d\'outils pour construire des logiciels et des applications, permettant à différentes parties d\'un logiciel de communiquer entre elles.', 'Interface de programmation, Application Programming Interface'),
(99, 'Application', 'Un programme informatique conçu pour effectuer une tâche spécifique ou répondre à un besoin particulier de l\'utilisateur.', 'Appli, logiciel, programme, Application'),
(100, 'ASCII', 'Un jeu de caractères utilisé par les ordinateurs et les équipements de télécommunication pour représenter du texte en utilisant des nombres binaires.', 'Code ASCII, jeu de caractères ASCII'),
(101, 'Attribut Alt', 'Un attribut HTML utilisé pour fournir un texte descriptif alternatif pour une image, afin d\'améliorer l\'accessibilité web pour les utilisateurs ayant un handicap visuel ou lorsque l\'image ne peut pas être affichée.', 'Attribut alternative, texte alternatif, alt, Alt attribute'),
(102, 'Audiodescription', 'Une technique utilisée dans les médias audiovisuels pour fournir une description audio supplémentaire des éléments visuels présents dans une production, afin d\'aider les personnes aveugles ou malvoyantes à comprendre et à apprécier le contenu.', 'Description sonore, description audiovisuelle'),
(103, 'Authentification', 'Le processus de vérification de l\'identité d\'un utilisateur ou d\'un système informatique, souvent réalisé par la saisie de nom d\'utilisateur et de mot de passe ou par des méthodes biométriques.', 'Vérification, validation, identification, Authentication'),
(104, 'Azerty', 'Un agencement de clavier standard utilisé dans de nombreux pays francophones, nommé d\'après les six premières touches alphabétiques de la rangée supérieure du clavier.', 'Agencement de touches AZERTY'),
(105, 'Base de données', 'Une collection organisée de données structurées et interconnectées, généralement stockées électroniquement dans un système informatique. Elle permet le stockage, la gestion et la récupération efficace des informations.', 'Banque de données, système de gestion de base de données, SGBD, database'),
(106, 'Bug', 'Terme utilisé pour désigner un défaut dans le code ou la conception d\'un logiciel, qui peut entraîner un comportement inattendu ou erroné de l\'application ou du système.', 'Problème, défaut, anomalie, erreur, pépin'),
(107, 'Bot', 'Abréviation de \"robot\". Dans le contexte informatique, il s\'agit souvent d\'un logiciel automatisé conçu pour exécuter des tâches spécifiques, comme répondre à des messages ou mettre à jour des informations en ligne.', 'Robot, automate, programme, agent'),
(108, 'Bit', 'La plus petite unité d\'information en informatique, pouvant avoir une valeur de 0 ou 1. Il sert de base pour le stockage et le traitement des données numériques.', 'unité'),
(109, 'BIOS', 'Programme intégré à la carte mère d\'un ordinateur, exécuté au démarrage de l\'appareil. Il initialise le matériel et charge le système d\'exploitation depuis le disque dur ou un autre support de stockage.', 'Firmware, micrologiciel, système de démarrage, Basic Input/Output System'),
(110, 'Balise', 'En programmation web, il s\'agit d\'un élément du code HTML ou XML qui indique comment afficher ou organiser le contenu d\'une page web. Les balises définissent, par exemple, les titres, paragraphes et liens.', 'Étiquette, marqueur, repère, signet'),
(111, 'Big Data', 'Réfère à des ensembles de données tellement volumineux et complexes qu\'ils nécessitent des technologies et méthodes d\'analyse spécifiques pour leur traitement et leur exploitation.', 'Données massives, mégadonnées, données volumineuses'),
(112, 'Blog', 'Type de site web ou partie d\'un site web, mis à jour régulièrement, généralement géré par un individu ou un petit groupe, et qui présente des articles, des réflexions ou des commentaires sur divers sujets.', 'Carnet en ligne, journal web, site personnel'),
(113, 'Blogueur', 'Personne qui tient ou contribue à un blog, partageant ses pensées, connaissances, ou expériences sur différents sujets.', 'Chroniqueur web'),
(114, 'Bluetooth', 'Technologie sans fil permettant l\'échange de données sur de courtes distances entre appareils. Utilisée pour connecter des téléphones, ordinateurs, écouteurs, et autres appareils électroniques.', 'Sans fil, technologie sans fil, connexion sans fil'),
(115, 'Blacklist', 'Dans le contexte informatique, elle répertorie des entités (comme des adresses IP, des domaines, ou des adresses e-mail) qui sont bloquées ou interdites d\'accès pour des raisons de sécurité.', 'Liste noir, répertoire d’exclusion, index négatif'),
(116, 'Bitcoin', 'Première et la plus connue des cryptomonnaies, une forme de monnaie numérique qui utilise la cryptographie pour contrôler sa création, sa gestion et sa sécurité, sans l\'intervention de banques centrales ou gouvernements.', 'Cryptomonnaie, devise numérique, monnaie virtuelle'),
(117, 'Buzz', 'Terme marketing désignant une grande attention ou excitation autour d\'un produit, service, ou événement, souvent généré par des campagnes virales sur les réseaux sociaux.', 'Célèbre'),
(118, 'Braillenet', 'Réseau et association visant à améliorer l\'accessibilité du web et des technologies de l\'information pour les personnes aveugles ou malvoyantes, notamment à travers le développement de standards et outils d\'accessibilité.', 'Accessibilité, aveugles'),
(119, 'Cache', 'Une mémoire tampon est utilisée pour stocker temporairement des données afin d\'améliorer les performances en accélérant l\'accès aux informations fréquemment utilisées.', 'Mémoire, stockage, réserve'),
(120, 'Call to action', 'Un élément de design ou de texte dans une interface utilisateur, tel qu\'un bouton ou un lien, destiné à inciter l\'utilisateur à effectuer une action spécifique, comme s\'inscrire à une newsletter ou acheter un produit.', 'Appel à l’action, incitation à agir, sollicitation'),
(121, 'Captcha', 'Un test de Turing utilisé pour déterminer si l\'utilisateur est humain ou un programme informatique en demandant de résoudre un puzzle ou en entrant un texte déformé, généralement utilisé pour empêcher les bots informatiques de remplir automatiquement des formulaires en ligne.', 'Test, sécurité, vérification'),
(122, 'Caractère', 'Symbole, lettre, chiffre, signe de ponctuation ou tout autre élément graphique utilisé dans un langage de codage ou de représentation de l\'information dans le domaine numérique.', 'Symbole, lettre, chiffre, signe, élément graphique'),
(123, 'Carte graphique', 'Un composant matériel d\'un ordinateur responsable du traitement des graphiques et de l\'affichage visuel sur un écran, souvent utilisé pour les jeux, la conception graphique et le montage vidéo.', 'GPU, carté vidéo, adaptateur graphique'),
(124, 'Carte mémoire', 'Un dispositif de stockage amovible utilisé pour stocker des données numériques, telles que des photos, des vidéos ou des fichiers, souvent utilisé dans les appareils photo, les téléphones portables et d\'autres appareils électroniques.', 'Carte SD, carte flash, stockage amovible'),
(125, 'Carte son', 'Un composant matériel d\'un ordinateur utilisé pour l\'entrée, la sortie et le traitement du son, permettant à l\'utilisateur d\'enregistrer, de jouer et de manipuler des fichiers audio.', 'Carte audio, périphérique audio'),
(126, 'Chaîne de caractères', 'Séquence ordonnée de caractères, tels que des lettres, des chiffres, des symboles ou des espaces, utilisée pour représenter du texte ou des données textuelles dans les systèmes informatiques.', 'Texte, suite de caractères, séquence de caractères'),
(127, 'Champ de saisie', 'Une zone dans une interface utilisateur, telle qu\'un formulaire web ou une application, où l\'utilisateur peut entrer des données, telles que du texte, des numéros ou des informations.', 'Zone de texte, espace de remplissage, champ d’entrée'),
(128, 'Chat', 'Une forme de communication en ligne en temps réel entre deux ou plusieurs personnes via des messages textuels, vocaux ou vidéo, souvent utilisée dans les applications de messagerie instantanée, les réseaux sociaux et les forums.', 'Messagerie instantanée, discussion en ligne, tchat'),
(129, 'Clavier', 'Un périphérique d\'entrée utilisé pour saisir des données, des commandes et du texte dans un ordinateur ou un appareil électronique en utilisant un ensemble de touches.', 'Dispositif de saisie, outil'),
(131, 'Clickbait', 'Un contenu en ligne conçu pour attirer l\'attention et inciter les utilisateurs à cliquer sur un lien en utilisant des titres sensationnels, des images provocantes ou des descriptions exagérées, souvent utilisé pour générer du trafic sur un site web.', 'Contenu accrocheur, appât'),
(132, 'Copier - Coller', 'L\'action de copier du contenu depuis le presse-papiers de l\'ordinateur et de le placer dans un document ou une application, généralement effectuée après avoir copié le contenu à l\'aide de la fonction “Copier”.', 'Insérer, transférer'),
(133, 'Commentaire', 'Un texte ou une note ajoutée à un document, un code source ou un message en ligne pour fournir des explications, des avis ou des réponses, souvent utilisé dans les discussions en ligne, les blogs et les documents collaboratifs.', 'Remarque, observation, note, réaction'),
(134, 'Community manager', 'Une personne chargée de gérer et d\'animer les communautés en ligne, telles que les forums, les réseaux sociaux et les groupes en ligne, au nom d\'une marque, d\'une entreprise ou d\'une organisation.', 'Gestionnaire de communauté, animateur web, modérateur, réseau social, réseaux sociaux, réseau, résea'),
(135, 'Cookie', 'Un petit fichier de données stocké sur l\'ordinateur d\'un utilisateur par un site web, utilisé pour suivre l\'activité de l\'utilisateur, personnaliser l\'expérience de navigation et stocker des informations telles que les préférences et les paramètres de connexion.', 'Témoin, connexion, suivie, traceur, web'),
(138, 'CPU', 'Le composant principal d\'un ordinateur responsable de l\'exécution des instructions et du traitement des données, souvent appelé \"processeur\".', 'Processeur, unité de traitement, microprocesseur, Unité Centrale de Traitement'),
(139, 'Cross Platform', 'La capacité d\'un logiciel, d\'une application ou d\'un jeu vidéo à fonctionner sur plusieurs systèmes d\'exploitation ou plateformes matérielles différentes, telles que Windows, macOS, Linux, iOS et Android.', 'Multi Plateforme, interopérable'),
(140, 'Cryptographie', 'La pratique et l\'étude des techniques de sécurisation des communications et des données en utilisant des codes et des algorithmes de chiffrement, afin de protéger la confidentialité, l\'intégrité et l\'authenticité des informations.', 'Chiffrement, codage, science, code, code-secret'),
(141, 'Curseur', 'Un symbole graphique, tel qu\'une flèche ou une barre verticale clignotante, utilisé pour indiquer la position du pointeur de la souris sur l\'écran de l\'ordinateur, généralement contrôlé par l\'utilisateur pour sélectionner, cliquer ou interagir avec des éléments graphiques ou du texte.', 'Pointeur, Indicateur, repère, repère visuel'),
(142, 'Cyberharcèlement', 'L\'utilisation de technologies numériques, telles que les médias sociaux, les messages électroniques et les forums en ligne, pour intimider, menacer, harceler ou perturber intentionnellement une personne ou un groupe de personnes.', 'Harcèlement, intimidation, cyberintimidation'),
(143, 'Cybersécurité', 'La pratique de protéger les systèmes informatiques, les réseaux et les données contre les cybermenaces telles que les attaques informatiques, les logiciels malveillants, le vol d\'identité et la fraude en ligne.', 'Sécurité, informatique, protection, défense'),
(144, 'Compresser', 'Le processus de réduction de la taille d\'un fichier ou d\'un ensemble de fichiers en utilisant des algorithmes de compression, généralement dans le but d\'économiser de l\'espace de stockage ou de réduire le temps de transfert sur un réseau.', 'Compression de données, réduire la taille, zip, zipper'),
(145, 'DDOS (Distributed Denial of Service)', 'Cyberattaque dans laquelle des attaquants surchargent intentionnellement un serveur, un réseau ou une application en submergeant ses ressources avec un grand volume de trafic provenant de multiples sources.', 'Attaque par déni de service, attaque DDoS'),
(146, 'Débit', 'Vitesse à laquelle les données sont transférées d\'un emplacement à un autre sur un réseau, mesurée généralement en bits par seconde (bps) ou en octets par seconde (Bps).', 'Vitesse de transmission, débit de transfert, vitesse de téléchargement, Throughput'),
(147, 'Débogage', 'Processus de recherche, d\'identification et de correction des erreurs, des bugs ou des défauts dans un logiciel, un programme ou un système informatique afin d\'assurer son bon fonctionnement.', 'Correction de bugs, dépannage, recherche d\'erreurs, Debugging'),
(148, 'DNS (Domain Name System)', 'Système hiérarchique de noms de domaine utilisé pour traduire les noms de domaine en adresses IP numériques, facilitant ainsi l\'accès aux ressources sur Internet par les utilisateurs.', 'Système de noms de domaine'),
(149, 'Domaine', 'Un domaine désigne une région, un champ ou un espace spécifique, généralement utilisé dans le contexte de l\'informatique pour faire référence à un groupe de périphériques, d\'utilisateurs ou de ressources associés à un réseau ou à une organisation.', 'Secteur, champ, espace, Domain'),
(150, 'Donnée', 'Information brute ou fait, généralement stocké dans un format numérique et utilisé comme matériau de base pour les calculs, les analyses ou les traitements informatiques.', 'Information, élément, Data'),
(151, 'Données mobiles', 'La connectivité Internet fournie par les réseaux de téléphonie mobile, permettant aux utilisateurs d\'accéder à Internet et d\'utiliser des services en ligne via leurs appareils mobiles.', 'Connexion mobile, Internet mobile, accès Internet sans fil, Mobile data'),
(152, 'Dossier', 'Conteneur ou répertoire utilisé pour organiser et stocker des documents, des fichiers ou des informations de manière structurée dans un système informatique.', 'Répertoire, classeur, dossier de fichiers, Folder'),
(153, 'DPI (Dots Per Inch)', 'Mesure de la résolution d\'impression qui indique le nombre de points d\'encre individuels présents dans un pouce linéaire d\'une impression, utilisée pour évaluer la qualité et la netteté des images imprimées.', 'Résolution d\'impression, qualité d\'impression, densité de points'),
(154, 'E-commerce', 'La pratique d\'acheter et de vendre des biens et des services sur Internet, souvent via des sites web ou des plateformes en ligne, facilitant les transactions commerciales entre les entreprises et les consommateurs.', 'commerce, commerce en ligne, commerce électronique, vente, vente en ligne, cybercommerce'),
(155, 'Ecran', 'L\'interface visuelle d\'un appareil électronique, telle qu\'un ordinateur, un smartphone ou une télévision, est utilisée pour afficher des informations, des images et des vidéos.', 'Moniteur, affichage, ordinateur'),
(157, 'Emoji', 'Un petit symbole graphique utilisé dans les messages électroniques et les réseaux sociaux pour représenter des émotions, des objets, des actions ou des idées, permettant d\'ajouter de l\'expressivité et de la convivialité à la communication en ligne.', 'émoticône, pictogramme'),
(158, 'En ligne', 'Connecté à Internet ou en train d\'utiliser des services accessibles via Internet.', 'Connecté, online'),
(159, 'ENT', 'Une plateforme en ligne utilisée dans les établissements d\'enseignement pour fournir des outils et des services numériques aux étudiants, aux enseignants et au personnel administratif, facilitant l\'organisation, la communication et l\'apprentissage.', 'plateforme, éducation, espace, espace numérique, Environnement Numérique de Travail'),
(160, 'Ereputation', 'L\'image en ligne d\'une personne, d\'une marque ou d\'une entreprise, basée sur les opinions, les commentaires et les informations disponibles sur Internet, influençant la perception publique et la réputation.', 'réputation, plateforme, éducation, espace, espace numérique'),
(161, 'ePub', 'Un format de fichier open-source pour les livres électroniques, conçu pour permettre la mise en page dynamique, le redimensionnement du texte et la compatibilité avec différents appareils de lecture.', 'livre, numérique, publication'),
(162, 'Ethernet', 'Une norme de technologie de réseau informatique utilisée pour la transmission de données à haut débit via des câbles Ethernet, souvent utilisée pour connecter des ordinateurs, des périphériques réseau et des routeurs.', 'réseau, réseau locale, LAN, connexion filaire'),
(164, 'Extension de fichier', 'Une suite de caractères ajoutée à la fin du nom de fichier d\'un fichier informatique pour indiquer son format ou son type de contenu, permettant aux systèmes d\'exploitation et aux applications de reconnaître et de traiter les fichiers correctement.', 'format, format de fichier, type, type de fichier, suffixe, suffixe de fichier, add-on, complément, m'),
(165, 'E-learning', 'L\'apprentissage en ligne, utilisant des technologies numériques telles que l\'Internet, les ordinateurs et les appareils mobiles pour accéder à des cours, des formations et des ressources éducatives à distance.', 'Apprentissage, apprentissage en ligne, formation, formation à distance, enseignement, enseignement v'),
(166, 'Eyetracking', 'Une méthode d\'analyse utilisée en recherche marketing et en ergonomie pour étudier le comportement visuel des utilisateurs en suivant le mouvement de leurs yeux lorsqu\'ils interagissent avec des interfaces numériques, des publicités ou des contenus visuels.', 'Suivi oculaire, eye-tracker, suivi, suivi du regard'),
(167, 'Exporter', 'Le processus de transfert ou de conversion de données, de fichiers ou d\'informations depuis une application, un logiciel ou un système vers un autre format ou une autre destination, souvent dans le but de partager, de sauvegarder ou d\'utiliser ces données dans un contexte différent.', 'Transférer, sauvegarder, convertir'),
(168, 'FAQ (Frequently Asked Questions)', 'Section ou document regroupant les questions fréquemment posées et leurs réponses sur un sujet précis, souvent trouvée sur des sites web pour aider les utilisateurs à trouver des solutions à des problèmes courants.', 'Foire, Foire aux question, questions, aide, aide en ligne'),
(169, 'Favicon', 'Petite icône associée à un site web, affichée dans l\'onglet du navigateur ou à côté de l\'URL dans la barre d\'adresse. Elle aide à identifier visuellement le site web.', 'Icône de site, icône'),
(170, 'Fichier', 'Ensemble de données stockées sur un ordinateur ou un support de stockage, pouvant être un document, une image, un programme, ou tout autre type de données numériques.', 'Document, dossier, fichier informatique'),
(171, 'Fibre Optique', 'Type de câble utilisé pour la transmission de données à très haute vitesse. Il utilise des fils de verre ou de plastique très fins pour conduire la lumière, permettant le transfert de données sur de longues distances avec une perte minimale.', 'Câble, câble optique, réseau, réseau optique, transmission'),
(172, 'Filtre', 'Outil ou fonction utilisé pour trier, organiser ou masquer des données selon certains critères. Les filtres peuvent être appliqués dans divers contextes, comme le traitement de texte, la recherche web, ou la manipulation d\'images.', 'Sélecteur, filtrage, tri, outil, outil de tri'),
(173, 'Fil d’Ariane', 'Élément de navigation sur les sites web qui permet aux utilisateurs de comprendre et de suivre leur parcours à travers la structure du site en affichant un chemin de navigation hiérarchique.', 'Chemin, chemin de navigation, piste'),
(174, 'Follower', 'Terme utilisé sur les réseaux sociaux pour désigner une personne qui suit les publications ou les mises à jour d\'un autre utilisateur, d\'une marque ou d\'une organisation.', 'Abonné, suiveur, Fan'),
(175, 'Forum', 'Plateforme en ligne où les utilisateurs peuvent échanger des messages sur divers sujets. Les forums sont souvent organisés par catégories et peuvent être modérés pour maintenir un environnement respectueux.', 'Discussion, plateforme, en ligne'),
(176, 'Fracture Numérique', 'Terme désignant l\'écart entre les individus, ménages, entreprises ou régions qui ont accès aux technologies de l\'information et de la communication (TIC) et ceux qui en sont exclus, pour des raisons économiques, sociales, géographiques ou éducatives.', 'Accès'),
(177, 'Framework', 'Ensemble cohérent de bibliothèques et de conventions conçues pour faciliter le développement de logiciels en fournissant une structure de base sur laquelle les développeurs peuvent construire des applications plus spécifiques.', 'structure, infrastructure, programme, squelette, plateforme, développement, armature, modèle, enviro'),
(178, 'Formulaire', 'Outil utilisé sur les sites web pour recueillir des informations auprès des visiteurs ou des utilisateurs. Les formulaires peuvent inclure des champs pour entrer des textes, choisir des options, cocher des cases, etc.', 'Saisie, demande, champ'),
(179, 'FTP (File Transfer Protocol)', 'Protocole de transfert de fichiers qui permet l\'échange de données entre un serveur et un client sur un réseau informatique. Il est largement utilisé pour télécharger et mettre en ligne des fichiers sur internet.', 'transfert, protocole, fichier'),
(180, 'Gamification', 'L\'application de concepts et de mécanismes de jeu dans des contextes non ludiques, tels que l\'éducation, le travail ou le marketing, dans le but d\'engager les utilisateurs, de les motiver et de renforcer leur participation.', 'Ludification, Jeu appliqué'),
(181, 'Gestionnaire de fichier', 'Un logiciel ou une application permettant à un utilisateur d\'organiser, de naviguer et de gérer les fichiers et les dossiers stockés sur un ordinateur ou un périphérique de stockage, facilitant les opérations telles que la copie, le déplacement et la suppression de fichiers.', 'Explorateur de fichier, gestionnaire de dossier, file manager'),
(182, 'Gestionnaire de mot de passe', 'Un programme informatique permettant de stocker en toute sécurité des identifiants de connexion, tels que des noms d\'utilisateur et des mots de passe, pour différents comptes en ligne, afin de faciliter la gestion et la sécurisation des informations d\'authentification.', 'Gestionnaire d’authentification, coffre-fort des mots de passe, password manager'),
(183, 'Geek', 'Une personne passionnée par la technologie, l\'informatique, les jeux vidéo, la science-fiction ou d\'autres sujets spécialisés, souvent caractérisée par une connaissance approfondie et un intérêt obsessionnel pour ces domaines.', 'Passionné de technologie, mordu d’informatique'),
(184, 'Geolocalisation', 'La technique de détermination de la position géographique d\'un objet, d\'une personne ou d\'un appareil en utilisant des technologies telles que le GPS, le Wi-Fi ou les antennes cellulaires, permettant de fournir des informations basées sur la localisation.', 'Localisation géographique, positionnement, geolocation'),
(185, 'GIF', 'Un format de fichier d\'image bitmap largement utilisé sur Internet, capable de stocker plusieurs images dans un seul fichier et de créer des animations courtes et des boucles, souvent utilisé pour les mèmes, les avatars et les réactions animées.', 'Format graphique interchange, Format d\'image animée, Graphics Interchange Format, format d’échange d'),
(186, 'Glossaire', 'Une liste alphabétique de termes spécialisés ou de mots clés, accompagnés de leurs définitions ou de leurs explications, utilisée pour référencer et clarifier le vocabulaire spécifique à un domaine ou à un sujet particulier.', 'Lexique, dictionnaire spécialisé, glossary'),
(187, 'Glisser/déposer', 'Une technique d\'interaction utilisateur permettant de déplacer ou de copier des éléments numériques, tels que des fichiers, des images ou du texte, en les sélectionnant et en les faisant glisser d\'un emplacement à un autre à l\'aide de la souris ou du doigt sur un écran tactile.', 'Drag and drop, Déplacer et déposer'),
(188, 'GPU', 'Une unité de traitement graphique, un composant matériel spécialisé conçu pour accélérer le rendu d\'images et le traitement graphique sur un ordinateur ou un appareil électronique, souvent utilisé pour les jeux, la modélisation 3D et les applications graphiques intensives.', 'Carte graphique, Unité de traitement graphique, Graphics Processing Unit'),
(193, 'Hameçonnage', 'Technique d\'escroquerie en ligne utilisée pour obtenir des informations personnelles, telles que des identifiants de connexion, des mots de passe ou des données financières, en se faisant passer pour une entité de confiance dans le but de tromper les utilisateurs.', 'Filoutage, Phishing'),
(194, 'Hashtag', 'Un mot ou une phrase précédé du symbole dièse (#), utilisé sur les réseaux sociaux pour marquer ou catégoriser du contenu, permettant aux utilisateurs de rechercher, de suivre ou de participer à des discussions sur un sujet spécifique.', 'Mot-clic, mot-dièse'),
(195, 'Historique', 'Une liste ou un enregistrement des événements passés ou des actions effectuées par un utilisateur sur un système informatique ou une application, souvent utilisé pour suivre les activités de navigation sur Internet.', 'Journal, registre'),
(196, 'HDMI', 'Une norme de connectivité audio et vidéo numérique utilisée pour transmettre des signaux haute définition entre des appareils, tels que les téléviseurs, les lecteurs Blu-ray, les consoles de jeu et les ordinateurs.', 'Interface Multimédia haute définition, High-Definition Multimedia interface'),
(197, 'HTTP', 'Un protocole de communication utilisé pour le transfert de données sur le World Wide Web, permettant aux navigateurs web et aux serveurs de communiquer et d\'échanger des informations.', 'Protocole de transfert hypertexte, Hypertext Transfer Protocol'),
(198, 'Hôte', 'Un ordinateur ou un dispositif connecté à un réseau informatique et fournissant des services ou des ressources aux autres ordinateurs, souvent désigné comme un serveur.', 'Host, serveur'),
(199, 'Hexadécimal', 'Un système de numération positionnel utilisé en informatique et en mathématiques, utilisant une base de 16 chiffres (0-9 et A-F) pour représenter les nombres, souvent utilisé pour représenter des valeurs binaires de manière plus compacte et plus lisible.', 'Base 16'),
(200, 'IA', 'La simulation de processus intelligents par des machines, en particulier des systèmes informatiques, afin d\'exécuter des tâches qui normalement nécessitent l\'intelligence humaine.', 'Intelligence synthétique, Artificial Intelligence (AI)'),
(201, 'Icône', 'Petite image graphique représentant un objet, une action, une fonction ou un programme, souvent utilisée pour représenter des applications, des fichiers ou des fonctionnalités sur un système informatique.', 'Symbole, image, pictogramme, Icon'),
(202, 'Identifiant', 'Chaîne de caractères ou numéro unique utilisé pour identifier de manière unique un utilisateur, un compte, un appareil ou une ressource dans un système informatique ou en ligne.', 'Nom d\'utilisateur, ID, Login'),
(203, 'Indicateur clé de performance (KPI)', 'Mesure quantitative utilisée pour évaluer les performances et le succès d\'une organisation, d\'un projet ou d\'une campagne, souvent utilisé dans le domaine du marketing et de la gestion d\'entreprise.', 'Indicateur de performance, métrique clé, Key Performance Indicator (KPI)'),
(204, 'Informatique', 'Domaine d\'étude, de conception, de développement et d\'utilisation des ordinateurs et des technologies de l\'information pour le traitement et la gestion des données, ainsi que pour la résolution de problèmes.', 'Science informatique, technologie de l\'information, IT (Information Technology), Computer science, C'),
(205, 'Influenceur', 'Personne ou entité ayant une influence significative sur les opinions, les comportements ou les décisions d\'autres personnes, souvent dans le contexte des médias sociaux ou de la sphère numérique.', 'Personne influente, leader d\'opinion, influenceur numérique, Influencer'),
(206, 'Interface', 'Point de contact ou d\'interaction entre un utilisateur et un système informatique, comprenant généralement des éléments graphiques, des menus ou des commandes permettant de contrôler ou de communiquer avec le système.', 'GUI (Graphical User Interface), interface utilisateur, écran'),
(207, 'Internet', 'Réseau mondial de réseaux informatiques interconnectés, permettant aux utilisateurs de communiquer, d\'accéder à des informations, de partager des données et d\'utiliser des services en ligne via des protocoles de communication standardisés.', 'Toile, le Web, le Net'),
(208, 'Interopérabilité', 'Capacité des systèmes informatiques ou des dispositifs à fonctionner ensemble de manière transparente, en échangeant et en utilisant des données et des services de manière efficace, indépendamment de leur plateforme ou de leur configuration.', 'Compatibilité, interconnexion, intégration, Interoperability'),
(209, 'Intranet', 'Réseau informatique privé et sécurisé, basé sur les technologies Internet, accessible uniquement aux membres ou aux employés d\'une organisation, leur permettant de partager des informations, des ressources et des services internes.', 'Réseau interne, réseau d\'entreprise'),
(211, 'Importer', 'Le processus de transfert ou de récupération de données, de fichiers ou d\'informations depuis une source externe, telle qu\'un fichier, une base de données ou un système, vers une application, un logiciel ou un système pour une utilisation ultérieure.', 'Charger, récupérer, recevoir'),
(212, 'Jack', 'Connecteur audio standard utilisé pour brancher des périphériques tels que des écouteurs, des haut-parleurs et des microphones sur des appareils électroniques comme des smartphones et des ordinateurs.', 'Connecteur audio, prise jack'),
(213, 'Jeu vidéo', 'Logiciel interactif destiné au divertissement, permettant aux joueurs d\'interagir avec des environnements virtuels et des personnages à travers des actions et des commandes.', 'Jeu électronique, jeu informatique, Video game'),
(214, 'JPEG', 'Format de compression d\'image utilisé dans la photographie numérique pour réduire la taille des fichiers tout en préservant une qualité visuelle acceptable.', 'JPG'),
(215, 'Joystick', 'Périphérique d\'entrée utilisé pour contrôler le mouvement et les actions dans les jeux vidéo et les simulations, composé d\'une tige ou d\'un levier et de boutons.', 'Manette de jeu, contrôleur, stick'),
(216, 'Jumeler', 'Action de connecter ou d\'associer deux appareils électroniques compatibles, comme des téléphones ou des périphériques Bluetooth, pour permettre la communication et l\'échange de données entre eux.', 'Associer, synchroniser, Pairing'),
(217, 'Kiosque', 'Plateforme en ligne proposant divers contenus numériques tels que des livres électroniques, des magazines et des journaux.', 'Librairie en ligne, magasin numérique, Digital kiosk'),
(218, 'Machine', 'Dispositif mécanique ou électronique capable d\'effectuer des tâches ou des opérations spécifiques.', 'Appareil, dispositif'),
(219, 'Machine learning', 'Domaine de l\'intelligence artificielle où des algorithmes sont utilisés pour permettre à un système informatique d\'apprendre à partir de données et d\'améliorer ses performances sans être explicitement programmé.', 'Apprentissage automatique, apprentissage machine'),
(220, 'Mac', 'Famille d\'ordinateurs personnels conçus, fabriqués et commercialisés par Apple Inc., fonctionnant sous le système d\'exploitation macOS.', 'Macintosh, ordinateur Apple'),
(221, 'Mail', 'Service de messagerie électronique permettant d\'envoyer, de recevoir et de gérer des messages via Internet.', 'Courriel, e-mail, courrier électronique'),
(222, 'Matériel informatique', 'Les composants physiques d\'un système informatique ou électronique, tels que les processeurs, les cartes mères, les disques durs, les écrans, les claviers et les souris.', 'Hardware, composants physiques'),
(223, 'Mémoire vive', 'Composant matériel d\'un ordinateur utilisé pour stocker temporairement des données et des instructions en cours d\'utilisation par le processeur.', 'Random Access Memory (RAM), mémoire système'),
(224, 'Messagerie', 'Service permettant l\'échange de messages entre utilisateurs via des plateformes de communication électronique.', 'Service de messagerie, système de messagerie, Messaging'),
(225, 'Microprocesseur', 'Unité centrale de traitement d\'un ordinateur, responsable de l\'exécution des instructions et du traitement des données.', 'CPU, processeur, Microprocessor'),
(226, 'Migration de données', 'Processus de transfert de données d\'un système ou d\'une plateforme à un autre, souvent réalisé lors de mises à niveau ou de changements de système.', 'Transfert de données, déménagement de données, Data migration'),
(227, 'Modem', 'Appareil permettant de convertir les signaux numériques d\'un ordinateur en signaux analogiques transmissibles sur une ligne téléphonique, et vice versa, pour permettre la connexion à Internet.', 'Modulateur-démodulateur, terminal d\'accès à distance, Modem'),
(228, 'Moniteur', 'Périphérique d\'affichage utilisé pour visualiser les informations produites par un ordinateur ou un autre appareil électronique.', 'Écran, afficheur, Monitor'),
(229, 'Molette', 'Petit dispositif de commande rotatif utilisé pour faire défiler ou ajuster les éléments à l\'écran d\'un ordinateur ou d\'un appareil électronique.', 'Roulette, bouton de défilement, Scroll wheel'),
(230, 'Mobile', 'Dispositif électronique portable, tel qu\'un smartphone ou une tablette, permettant d\'accéder à des services en ligne, de communiquer avec d\'autres personnes, et d\'exécuter diverses applications.', 'Portable, déplaçable, Téléphone, Cellulaire, Smartphone, Tablette'),
(231, 'Modérateur', 'Personne chargée de surveiller et de réguler les interactions dans une communauté en ligne, souvent sur des forums de discussion ou des réseaux sociaux.', 'Administrateur, gestionnaire, Moderator'),
(232, 'Moteur de recherche', 'Outil en ligne permettant de trouver des informations sur Internet en saisissant des mots-clés ou des expressions, et en affichant des résultats pertinents.', 'Mode de recherche, outil de recherche, Search engine'),
(233, 'Mot de passe', 'Séquence de caractères utilisée pour authentifier l\'identité d\'un utilisateur et sécuriser l\'accès à un compte ou à un système informatique.', 'Code secret, clé d\'accès, Password'),
(234, 'Mot-clé', 'Terme ou expression spécifique utilisé dans le référencement et le marketing en ligne pour décrire le contenu d\'une page web, facilitant ainsi son classement dans les résultats des moteurs de recherche.', 'Terme-clé, expression-clé, Keyword'),
(235, 'Multimédia', 'Contenu ou technologie intégrant différents formats, tels que du texte, des images, de l\'audio et de la vidéo, permettant une expérience interactive et polyvalente.', 'Médias multiples, contenu multimédia'),
(236, 'Navigateur', 'Logiciel permettant aux utilisateurs d\'accéder à des informations sur Internet en affichant des pages web et en naviguant entre elles.', 'Explorateur web, logiciel de navigation, Browser'),
(237, 'NAT', 'Technique utilisée pour modifier les adresses IP des paquets de données lors de leur passage à travers un routeur ou un pare-feu, permettant de connecter plusieurs dispositifs à Internet à l\'aide d\'une seule adresse IP publique.', 'Traduction d\'adresse réseau, translation d\'adresse, Network Address Translation'),
(238, 'Newsletter', 'Publication périodique envoyée par e-mail à une liste d\'abonnés, fournissant des informations, des actualités ou des promotions sur un sujet spécifique.', 'Lettre d\'information, bulletin d\'information'),
(239, 'Nom d’hôte', 'Un nom unique attribué à un ordinateur ou à un dispositif sur un réseau informatique, permettant son identification et son adressage dans le cadre de la communication réseau.', 'Hostname, nom de machine'),
(241, 'Nom de domaine', 'Adresse textuelle utilisée pour identifier un site web sur Internet, correspondant à une adresse IP numérique.', 'Adresse web, URL, Domain name'),
(242, 'Notification', 'Message automatique affiché sur un appareil ou une application pour informer l\'utilisateur d\'un événement, d\'une mise à jour ou d\'une activité récente.', 'Alerte'),
(243, 'Nuage', 'Infrastructure informatique virtuelle permettant le stockage, le partage et l\'accès à des données et des ressources sur Internet, généralement gérée par des fournisseurs de services cloud.', 'Cloud computing, informatique en nuage, Cloud'),
(244, 'Numérique', 'Relatif à la représentation, au stockage, au traitement et à la transmission de l\'information sous forme de chiffres ou de valeurs binaires, utilisant des systèmes numériques.', 'Informatique, Digital'),
(245, 'Objet', 'L\'objet d\'un e-mail est une courte phrase ou description qui résume le contenu ou le but du message.', 'Titre, sujet, intitulé, description, rubrique'),
(246, 'Octet', 'Unité de mesure de la quantité de données, équivalant à 8 bits. Un byte peut représenter un caractère, tel qu\'une lettre ou un chiffre.', 'Byte'),
(247, 'Office', 'Suite de logiciels de productivité, comprenant des applications telles que Word, Excel et PowerPoint, développée par Microsoft.', 'Suite bureautique, logiciels de bureau'),
(248, 'OLED', 'Technologie d\'affichage utilisant des diodes électroluminescentes organiques pour produire de la lumière et créer des images sur des écrans plats.', 'Diode électroluminescente organique, affichage OLED, Organic Light-Emitting Diode'),
(249, 'Onpage', 'Terme utilisé en référencement pour décrire les pratiques d\'optimisation effectuées directement sur une page web afin d\'améliorer son classement dans les moteurs de recherche.', 'Optimisation sur page, optimisation interne'),
(250, 'Open source', 'Logiciel dont le code source est disponible publiquement, permettant à quiconque de le consulter, de le modifier et de le distribuer librement.', 'Logiciel libre, source ouverte'),
(251, 'Optimisation', 'Processus visant à améliorer les performances ou l\'efficacité d\'un système, d\'un processus ou d\'un produit.', 'Amélioration, Optimization'),
(252, 'Ordinateur', 'Machine électronique programmable capable d\'exécuter des instructions et de traiter des données.', 'Machine, PC, système informatique, Computer'),
(253, 'Overlay', 'Couche d\'informations affichée par-dessus une autre interface, souvent utilisée dans les applications et les jeux pour fournir des informations contextuelles.', 'Superposition, surimpression'),
(254, 'Page d’accueil', 'La page d\'accueil principale d\'un site web, généralement la première page visitée par les utilisateurs lorsqu\'ils accèdent à un site, fournissant des liens vers d\'autres sections du site et des informations importantes.', 'Homepage, page principale'),
(255, 'Paramètres', 'Options configurables et ajustables d\'un logiciel, d\'une application ou d\'un périphérique, permettant à l\'utilisateur de personnaliser et de contrôler son fonctionnement et son comportement.', 'Réglages, options, Settings'),
(256, 'Pare-feu', 'Dispositif de sécurité réseau conçu pour surveiller et contrôler le trafic entrant et sortant, basé sur un ensemble de règles prédéfinies, afin de protéger un réseau ou un système informatique contre les attaques et les intrusions.', 'Coupe-feu, Firewall'),
(257, 'Passerelle', 'Dispositif réseau qui agit comme une interface entre deux réseaux distincts, permettant la communication et la transmission de données entre eux, tout en appliquant des fonctions de routage, de traduction d\'adresse et de sécurité.', 'Passerelle, point d\'accès, Gateway'),
(258, 'Partage', 'Action de rendre des ressources, des fichiers ou des données accessibles à d\'autres utilisateurs, généralement sur un réseau informatique, pour permettre la collaboration, la communication ou l\'échange d\'informations.', 'Envoi de fichiers, collaboration, Sharing'),
(259, 'Partage de connexion', 'Le \"partage de connexion\" est une fonctionnalité qui permet à un appareil, comme un smartphone, de partager sa connexion Internet avec d\'autres appareils, tels que des ordinateurs portables ou des tablettes, via des connexions sans fil comme le Wi-Fi ou le Bluetooth.', 'Hotspot mobile, Tethering, Point d’accès mobile, Partage de réseau, Partage de données mobiles'),
(260, 'PDF', 'Format de fichier développé par Adobe Systems pour représenter des documents de manière indépendante du logiciel, du matériel et du système d\'exploitation utilisés pour les créer ou les visualiser.', 'Format PDF, fichier PDF, Portable Document Format'),
(261, 'Périphérique', 'Équipement externe connecté à un ordinateur ou à un système informatique pour étendre ses fonctionnalités ou interagir avec lui, tels que des claviers, des souris, des imprimantes, des scanners, etc.', 'Équipement externe, périphérique informatique, Peripheral'),
(262, 'Pilot', 'Programme ou logiciel utilisé pour contrôler et gérer le fonctionnement d\'un périphérique matériel ou d\'un composant informatique, généralement fourni par le fabricant pour assurer la compatibilité et les performances optimales.', 'Pilote, driver'),
(263, 'Pixel', 'Plus petite unité d\'une image numérique, représentant un point unique sur un écran d\'ordinateur ou un dispositif d\'affichage, composant l\'image dans sa résolution finale.', 'Point, élément d\'image'),
(264, 'Plugin', 'Module logiciel ajouté à un programme ou à un navigateur web pour étendre ses fonctionnalités, ajouter des fonctionnalités supplémentaires ou prendre en charge des formats de fichier spécifiques.', 'Extension, module complémentaire'),
(265, 'PNG', 'Format de fichier graphique utilisé pour stocker des images bitmap, offrant une compression sans perte de qualité et prenant en charge la transparence et les couleurs indexées.', 'Format PNG, fichier PNG, Portable Network Graphics'),
(266, 'Podcast', 'Série d\'épisodes audio ou vidéo numériques, généralement disponibles en ligne pour le téléchargement ou le streaming, sur des sujets variés tels que l\'éducation, le divertissement ou l\'information.', 'Émission en baladodiffusion, balado'),
(267, 'Pop-up', 'Fenêtre contextuelle affichée soudainement sur un écran d\'ordinateur, généralement contenant une annonce publicitaire, une alerte ou un message, souvent considérée comme intrusive.', 'Fenêtre contextuelle, fenêtre surgissante'),
(268, 'Port', 'Numéro d\'identification associé à un processus ou à un service réseau sur un ordinateur, utilisé pour diriger le trafic réseau vers une application spécifique s\'exécutant sur une machine.', 'Numéro de port'),
(269, 'Protocole', 'Ensemble de règles et de conventions utilisées pour permettre la communication et l\'échange de données entre différents périphériques, systèmes ou réseaux informatiques.', 'Norme, règle, procédure, Protocol'),
(270, 'Quota', 'Limite prédéfinie ou allocation fixe définie pour un utilisateur, un groupe d\'utilisateurs ou un système informatique, régissant la quantité maximale de ressources, de données ou d\'espace de stockage qui peut être utilisée.', 'Limite, allocation, contingent'),
(271, 'Qr code', 'Code-barres bidimensionnel qui contient des informations codées sous forme de modules noirs et blancs disposés dans un motif carré, généralement utilisé pour stocker des données numériques pouvant être lues rapidement par un dispositif de numérisation.', 'Code QR, code à réponse rapide, Quick Response Code'),
(272, 'Qwerty', 'Agencement standard des touches d\'un clavier informatique, caractérisé par la disposition des six premières lettres de la rangée supérieure du clavier, formant le mot \"QWERTY\", largement utilisé dans les claviers anglophones.', 'Agencement de touches QWERTY'),
(273, 'Raccourci', 'Méthode abrégée pour accéder rapidement à une fonctionnalité, un programme ou un fichier spécifique sur un système informatique, souvent en utilisant une combinaison de touches ou un lien spécifique.', 'Raccourci clavier, raccourci d\'accès, Shortcut'),
(274, 'Rafraîchissement', 'Action de mettre à jour ou de recharger le contenu d\'une page web, d\'une application ou d\'un écran pour afficher les dernières informations ou modifications.', 'Actualisation, mise à jour, Refresh'),
(275, 'RAID', 'Méthode de stockage de données qui combine plusieurs disques durs physiques en un seul volume logique pour améliorer la performance, la redondance ou la capacité de tolérance aux pannes.', 'Redundant Array of Independent Disks, Redondance de disque'),
(277, 'Réalité virtuelle', 'Environnement numérique interactif simulant des expériences sensorielles et perceptuelles, généralement à l\'aide d\'un casque ou de lunettes spéciales, permettant à l\'utilisateur d\'interagir avec un monde virtuel.', 'VR, réalité simulée, Virtual Reality'),
(279, 'Réglage de la confidentialité', 'Ensemble de paramètres et d\'options permettant de contrôler les niveaux de confidentialité et de sécurité des données personnelles sur les plateformes en ligne, les réseaux sociaux ou les services numériques.', 'Paramètres de confidentialité, options de confidentialité, Privacy settings'),
(280, 'Réseau', 'Infrastructure de communication qui permet à plusieurs dispositifs informatiques de partager des ressources, des données ou des services.', 'Réseau informatique, Network'),
(282, 'Répéteur', 'Dispositif utilisé pour étendre la portée et la couverture d\'un réseau sans fil en recevant, en amplifiant et en répétant les signaux de réseau, permettant ainsi d\'améliorer la connectivité dans les zones avec une faible réception.', 'Amplificateur de signal, répéteur de réseau, Repeater'),
(283, 'Résolution', 'Mesure de la netteté, de la clarté et du niveau de détail d\'une image, d\'un écran ou d\'une impression, généralement exprimée en termes de nombre de pixels dans chaque dimension.', 'Définition, qualité d\'image, netteté, Resolution'),
(284, 'Sandbox', 'Environnement isolé et sécurisé dans lequel les logiciels peuvent être exécutés et testés sans affecter le système hôte.', 'Bac à sable, environnement de test'),
(285, 'Scanner', 'Périphérique de numérisation utilisé pour capturer des images, des documents ou d\'autres données et les convertir en format numérique pour un traitement informatique.', 'Numériseur, scanneur, appareil de numérisation'),
(286, 'SEA', 'Terme utilisé pour désigner les stratégies de publicité en ligne qui visent à promouvoir un site web en affichant des annonces payantes sur les résultats de recherche des moteurs de recherche.', ''),
(287, 'SEO', 'Processus visant à améliorer la visibilité et le classement d\'un site web dans les résultats des moteurs de recherche, généralement en optimisant son contenu et sa structure.', 'Optimisation pour les moteurs de recherche, référencement naturel, Search Engine Optimization'),
(288, 'Serveur', 'Un ordinateur ou un programme informatique qui fournit des services, des ressources ou des données à d\'autres appareils ou programmes, généralement via un réseau.', 'Hôte, machine serveur, ordinateur central, Server'),
(289, 'SMS', 'Service de messagerie texte permettant l\'envoi et la réception de messages courts sur des appareils mobiles.', 'Texto, message texte, texto, Short Message Service'),
(290, 'Software', 'Ensemble de programmes informatiques, de données et de procédures qui permettent à un système informatique de fonctionner.', 'Logiciel, programme, application'),
(291, 'Souris', 'Périphérique d\'entrée utilisé pour contrôler le mouvement du curseur à l\'écran et interagir avec les éléments graphiques d\'une interface utilisateur.', 'Dispositif de pointage, souris d\'ordinateur, pointeur, Mouse'),
(292, 'Spam', 'Messages non sollicités et souvent indésirables envoyés en masse par courrier électronique.', 'Courrier indésirable, pourriel'),
(293, 'Statut', 'Position ou condition actuelle d\'un système, d\'un processus ou d\'un utilisateur dans un système informatique.', 'État, situation, condition, Status'),
(294, 'Stop motion', 'Technique d\'animation consistant à créer des mouvements en photographiant des objets immobiles image par image.', 'Animation en volume, animation image par image'),
(295, 'Streaming', 'Diffusion en continu de données multimédias, telles que de l\'audio ou de la vidéo, sur un réseau, permettant une lecture instantanée sans téléchargement préalable.', 'Diffusion en direct, diffusion continue'),
(296, 'Stockage', 'Processus et moyen de conserver et de sauvegarder des données sur des dispositifs de stockage tels que des disques durs, des clés USB ou des serveurs.', 'Archivage, conservation, sauvegarde, Storage'),
(297, 'Signets', 'En informatique, un signet, souvent appelé \"favori\" dans certains navigateurs, est un lien sauvegardé vers une page web spécifique qui permet à l\'utilisateur de retrouver rapidement cette page sans avoir à se souvenir de son adresse URL ou à la rechercher à nouveau.', '');
INSERT INTO `glossaire` (`Id_glossaire`, `Mot`, `Definition`, `Synonyme`) VALUES
(298, 'Tableau de bord', 'Une interface utilisateur graphique qui offre une vue synthétique des données et des indicateurs clés de performance (KPI) sous forme de graphiques, de tableaux ou de widgets, permettant une surveillance et une analyse rapides.', 'Interface graphique, tableau de bord de données, dashboard'),
(299, 'Tactile', 'Se réfère à la capacité d\'un écran ou d\'un dispositif à détecter et à répondre au toucher humain, permettant une interaction directe avec les éléments affichés.', 'Écran tactile, tactile touchscreen'),
(300, 'Tablette', 'Un ordinateur portable léger et compact avec un écran tactile, généralement utilisé pour la navigation sur Internet, la lecture de livres électroniques, le visionnage de vidéos, etc.', 'Tablette électronique, tablette numérique, tablet'),
(301, 'Tag', 'Un mot-clé ou une étiquette associé à un élément de contenu, tel qu\'un article, une photo ou une vidéo, pour faciliter l\'organisation, la recherche et le regroupement de contenu similaire.', 'Étiquette, balise'),
(302, 'Tweet', 'Un message court publié sur le réseau social Twitter, généralement limité à 280 caractères, utilisé pour partager des pensées, des actualités, des liens, etc.', 'Message Twitter, publication'),
(303, 'TCP/IP', 'Un ensemble de protocoles de communication utilisés pour interconnecter des dispositifs sur Internet et sur d\'autres réseaux informatiques, permettant le transfert de données entre eux.', 'Protocole TCP/IP, Transmission Control Protocol/Internet Protocol'),
(304, 'Thread', 'Dans le contexte informatique, un thread est une séquence d\'exécution individuelle à l\'intérieur d\'un processus, permettant à un programme de réaliser des tâches multiples simultanément.', 'Fil d\'exécution, processus léger'),
(305, 'Téléchargement', 'Le processus de transfert de données depuis un serveur distant vers un appareil local, souvent utilisé pour obtenir des fichiers, des logiciels, des médias, etc., depuis Internet.', 'Téléchargement de fichiers, rapatriement, transfert de données, download'),
(306, 'Télétravail', 'Pratique professionnelle qui permet à un employé d\'effectuer son travail en dehors du bureau traditionnel, généralement depuis son domicile, en utilisant les technologies de l\'information et de la communication.', 'Travail à distance, travail à domicile, telecommuting'),
(307, 'Taux de rafraîchissement', 'Le nombre de fois par seconde qu\'un écran rafraîchit l\'image affichée, mesuré en hertz (Hz), déterminant la fluidité et la netteté des mouvements à l\'écran.', 'Fréquence de rafraîchissement, taux de rafraîchissement d\'écran, refresh rate'),
(308, 'Tableur', 'Un logiciel informatique utilisé pour stocker, organiser, analyser et manipuler des données sous forme de tableaux, offrant des fonctionnalités de calcul, de graphiques, etc.', 'Feuille de calcul, application de tableur, spreadsheet'),
(309, 'Télépaiement', 'Un système de paiement électronique qui permet aux utilisateurs d\'effectuer des transactions financières à distance, généralement via Internet ou par téléphone mobile.', 'Paiement en ligne, paiement électronique, paiement à distance, online payment'),
(310, 'Téléversement', 'Le processus de transfert de fichiers ou de données depuis un ordinateur local vers un serveur distant ou un autre dispositif, souvent dans le cadre du partage ou du téléchargement de contenu sur Internet.', 'Transfert de fichier, upload'),
(311, 'Troll', 'Une personne qui poste intentionnellement des messages provocateurs, offensants ou perturbateurs en ligne dans le but de générer des réactions émotionnelles ou de perturber les discussions.', 'Provocateur, agitateur'),
(312, 'Tracking', 'La collecte systématique de données sur les activités en ligne d\'un utilisateur, telles que la navigation sur les sites web, les achats en ligne, etc., souvent utilisée à des fins de marketing ou d\'analyse.', 'Suivi, traçage'),
(313, 'URL', 'Une adresse unique utilisée pour localiser une ressource spécifique sur Internet, telle qu\'une page web, un fichier, une image, etc.', 'Adresse web, lien URL, Uniform Resource Locator'),
(315, 'Unité centrale', 'Le boîtier principal d\'un ordinateur, contenant le processeur, la mémoire, le disque dur, etc., et responsable du traitement des données et de l\'exécution des programmes.', 'Boîtier'),
(316, 'UML', 'Un langage de modélisation visuelle utilisé pour représenter visuellement la structure et le comportement des systèmes logiciels, en utilisant des diagrammes tels que les diagrammes de classe, les diagrammes de séquence, etc.', 'Langage de modélisation unifié, Unified Modeling Language'),
(317, 'Virus', 'Un programme informatique malveillant conçu pour infecter un système informatique, se propager et causer des dommages, tels que la corruption de données, la perturbation du fonctionnement du système, etc.', 'Malware, logiciel malveillant'),
(318, 'VPN', 'Un réseau privé virtuel qui crée une connexion sécurisée et cryptée entre un utilisateur et un réseau privé sur Internet, permettant une navigation anonyme, sécurisée et un accès à distance aux ressources réseau.', 'Réseau privé virtuel, Virtual Private Network'),
(319, 'VGA', 'Un standard d\'affichage graphique utilisé pour connecter un ordinateur à un moniteur ou à un écran, offrant une résolution vidéo maximale de 640x480 pixels en 16 couleurs.', 'Video Graphics Array'),
(320, 'Veille', 'Le mode de fonctionnement ou l\'état d\'un appareil électronique ou d\'un système informatique lorsqu\'il est actif mais inactif, consommant moins d\'énergie et prêt à être rapidement réactivé.', 'Mode veille, standby'),
(321, 'Vue', 'Une interface utilisateur graphique qui affiche une représentation visuelle des données, des informations ou des éléments sur un écran d\'ordinateur ou un dispositif similaire.', 'Écran, fenêtre, view'),
(322, 'Visioconférence', 'Une forme de communication en temps réel qui permet à plusieurs personnes de se voir et de se parler simultanément à distance via des dispositifs audiovisuels et des réseaux informatiques.', 'Conférence vidéo, vidéoconférence, visioconférence, video conference'),
(323, 'Verrouillage', 'Le processus de sécurisation d\'un appareil ou d\'un système informatique en limitant l\'accès aux utilisateurs autorisés ou en empêchant les modifications non autorisées.', 'Sécurisation, locking'),
(326, 'Web', 'Le World Wide Web, souvent abrégé en Web, est un système d\'information hypertexte distribué permettant d\'accéder à des documents liés sur Internet. Ces documents, appelés pages web, sont interconnectés par des hyperliens et peuvent contenir du texte, des images, des vidéos et d\'autres contenus multimédias.', 'Toile, Internet, réseau des réseaux'),
(327, 'Wifi', 'Une technologie sans fil qui permet aux appareils électroniques tels que les ordinateurs, les smartphones et les tablettes de se connecter à un réseau local (LAN) sans utiliser de câbles, en utilisant des ondes radio pour la transmission de données.', 'Wi-Fi, réseau sans fil'),
(328, 'Wiki', 'Un site web collaboratif permettant à plusieurs utilisateurs de contribuer, de modifier et de mettre à jour le contenu de manière collaborative, souvent utilisé pour créer et maintenir une base de connaissances sur un sujet spécifique.', 'Encyclopédie collaborative, site wiki'),
(330, 'Webcam', 'Une caméra vidéo connectée à un ordinateur ou à un réseau, utilisée pour capturer des images et des vidéos en direct et pour les diffuser sur Internet ou les partager avec d\'autres utilisateurs en temps réel.', 'Caméra web, caméra Internet'),
(331, 'Widget', 'Un élément d\'interface utilisateur graphique interactif et autonome, souvent de petite taille, utilisé pour fournir des fonctionnalités spécifiques ou afficher des informations en temps réel sur un site web, un bureau ou une application.', 'Gadgets, composant, élément d\'interface'),
(333, 'Hacker', 'Un individu doué en informatique qui utilise ses compétences pour explorer et comprendre les systèmes informatiques. Les hackers peuvent être éthiques, intermédiaires ou malveillants selon leurs intentions et leurs actions. White Hat : Un hacker éthique qui utilise ses compétences en piratage pour identifier et corriger les vulnérabilités de sécurité dans les systèmes informatiques, généralement dans un cadre professionnel ou légal. Grey Hat : Un hacker dont les intentions et les actions se situ', 'Pirate informatique'),
(334, 'Plein écran', 'Affichage d\'une application, d\'une vidéo, d\'une image ou d\'un contenu multimédia qui utilise l\'intégralité de l\'espace disponible sur l\'écran de l\'appareil sans aucune interface ou barre d\'outils visible. En mode plein écran, le contenu occupe tout l\'écran, ce qui peut offrir une expérience immersive et concentrer l\'attention de l\'utilisateur sur le contenu affiché.', 'Mode immersion, Mode plein-écran, Affichage plein-écran, Mode sans distraction, Mode d\'affichage tot'),
(336, 'Portable', 'Qualifie un logiciel ou un périphérique conçu pour être facilement transporté et utilisé en déplacement, souvent avec une alimentation autonome, une taille compacte et une connectivité sans fil.', 'Portatif'),
(337, 'Port USB', 'Interface standard utilisée pour connecter divers périphériques informatiques à un ordinateur, tels que des claviers, des souris, des disques durs externes, des imprimantes et des smartphones, pour la transmission de données et l\'alimentation électrique.', 'Universal Serial Bus, USB port'),
(338, 'Presse-papiers', 'Fonctionnalité du système d\'exploitation qui permet de copier, de couper et de coller des données ou du texte entre différentes applications ou documents.', 'Clipboard, mémoire tampon, copier-coller'),
(339, 'Programme', 'Ensemble d\'instructions informatiques ordonnées qui définissent les actions à effectuer par un ordinateur pour exécuter une tâche ou réaliser une opération spécifique.', 'Logiciel, application, software'),
(340, 'Pouce', 'Unité de mesure de longueur équivalant à environ 2,54 centimètres, souvent utilisée pour décrire la taille d\'un écran d\'ordinateur, d\'une tablette ou d\'un smartphone.', 'Inch'),
(341, 'Recherche', 'Action de trouver des informations, des données ou des ressources sur Internet, généralement en utilisant un moteur de recherche pour parcourir et indexer le contenu disponible sur le Web.', 'Search, recherche en ligne'),
(342, 'Redirection', 'Processus automatique qui dirige un utilisateur d\'une URL ou d\'une adresse web à une autre, souvent utilisé pour rediriger le trafic d\'un site web vers une nouvelle URL ou une page de destination spécifique.', 'Redirect, redirection automatique'),
(343, 'Réseau social', 'Plateforme en ligne qui permet aux utilisateurs de créer des profils personnels, de partager des contenus, de se connecter avec d\'autres utilisateurs et de communiquer par le biais de messages, de commentaires et de réactions.', 'Media social, site de réseautage social'),
(344, 'Sauvegarde', 'Processus de copie et de stockage de données, de fichiers ou de systèmes informatiques pour protéger contre la perte de données, les pannes de matériel ou les erreurs humaines, offrant une récupération en cas de besoin.', 'Backup, copie de sécurité'),
(345, 'Site web', 'Ensemble de pages web, de contenu multimédia et de ressources liées, accessible via Internet à une adresse web unique, généralement utilisé pour fournir des informations, des services ou du divertissement à un public en ligne.', 'Website, web page'),
(346, 'Bureau', 'Espace de travail sur un ordinateur où les utilisateurs peuvent accéder à leurs fichiers, applications et autres ressources informatiques. C\'est l\'interface principale d\'un système d\'exploitation, telle que celle que l\'on trouve sur un ordinateur de bureau ou un ordinateur portable.', 'Interface utilisateur, Écran d\'accueil, Espace de travail, Desktop, Tableau de bord'),
(347, 'Windows', 'Système d\'exploitation développé par Microsoft, largement utilisé dans le monde entier pour les ordinateurs personnels, les tablettes et les appareils embarqués. Il offre une interface graphique permettant aux utilisateurs d\'interagir avec leur ordinateur à l\'aide de fenêtres, de menus et d\'icônes.', 'Système d\'exploitation Windows, Plateforme Windows, Environnement Windows'),
(348, 'Numériser', 'Transformer des informations papier ou analogiques en format numérique à l\'aide d\'un scanner ou d\'un appareil photo numérique.', 'Scanner, Convertir en format numérique, Digitaliser, Transformer en données numériques'),
(349, 'Présentation', 'Ensemble organisé de diapositives, de documents ou de médias conçus pour communiquer des informations, des idées ou des concepts à un public. Les présentations peuvent être utilisées dans divers contextes, tels que les réunions d\'affaires, les conférences, les formations ou les événements publics, et sont souvent créées à l\'aide de logiciels de présentation comme PowerPoint ou Google Slides.', 'Exposé, Discours, Exposition, diapositive, diapo, Présentation visuelle'),
(350, 'Onglet', 'Un onglet est comme une petite étiquette sur votre écran d\'ordinateur ou de téléphone. Vous les voyez souvent en haut de votre navigateur internet. Chaque onglet représente une page web différente. Lorsque vous cliquez sur un onglet, vous passez à cette page. Cela vous permet de voir plusieurs pages à la fois sans avoir à ouvrir de nouveaux programmes ou fenêtres.', 'Tabulation, onglette, onglet de navigation');

-- --------------------------------------------------------

--
-- Structure de la table `ressource`
--

CREATE TABLE `ressource` (
  `Id_ressource` int(11) NOT NULL,
  `Titre` varchar(100) NOT NULL,
  `Categorie` varchar(50) NOT NULL,
  `Sous_Categorie` varchar(255) NOT NULL,
  `Mot_cle` varchar(1500) NOT NULL,
  `Image` varchar(100) NOT NULL
) ENGINE=InnoDB DEFAULT CHARSET=utf8mb4;

--
-- Déchargement des données de la table `ressource`
--

INSERT INTO `ressource` (`Id_ressource`, `Titre`, `Categorie`, `Sous_Categorie`, `Mot_cle`, `Image`) VALUES
(103, 'Faire une démarche en ligne', 'Bases d\'internet', 'Gestion en ligne', '', ''),
(104, 'Utilisation du gestionnaire de fichier', 'Bases d\'internet', 'Utilisation système', 'Bureau, interface utilisateur, Écran d\'accueil, Espace de travail, Desktop, Tableau de bord, Compresser, Compression de données, réduire la taille, zip, zipper, Dossier, Répertoire, classeur, dossier de fichiers, Folder, Extension, add-on, complément, module, format, format de fichier, type, type de fichier, suffixe, suffixe de fichier, Exporter, Transférer, sauvegarder, convertir, Fichier, Document, dossier, fichier informatique, FTP, File Transfer Protocol, transfert, protocole, fichier, Gestionnaire de fichier, Explorateur de fichier, gestionnaire de dossier, file manager, Glisser/déposer, Drag and drop, Déplacer et déposer, Importer, Charger, récupérer, recevoir, Partage, Envoi de fichiers, collaboration, Sharing, Directory, Téléversement, Transfert de fichier, upload, Copier - Coller, insérer, transférer', './assets/images/miniatures/internet/minia_gestion_fichier.png'),
(105, 'Création de dossier Mac', 'Bases d\'internet', 'Utilisation système', 'Mac, Macintosh, ordinateur Apple, Bureau, interface utilisateur, Écran d\'accueil, Espace de travail, Desktop, Tableau de bord, Compresser, Compression de données, réduire la taille, zip, zipper, Dossier, Répertoire, classeur, dossier de fichiers, Folder, Extension, add-on, complément, module, format, format de fichier, type, type de fichier, suffixe, suffixe de fichier, Exporter, Transférer, sauvegarder, convertir, Fichier, Document, dossier, fichier informatique, FTP, File Transfer Protocol, transfert, protocole, fichier, Gestionnaire de fichier, Explorateur de fichier, gestionnaire de dossier, file manager, Glisser/déposer, Drag and drop, Déplacer et déposer, Importer, Charger, récupérer, recevoir, Partage, Envoi de fichiers, collaboration, Sharing, Directory, Téléversement, Transfert de fichier, upload', './assets/images/miniatures/internet/minia_création_dossier.png'),
(106, 'Création de dossier Windows', 'Bases d\'internet', 'Utilisation système', 'Windows, Système d\'exploitation Windows, Plateforme Windows, Environnement Windows, Bureau, interface utilisateur, Écran d\'accueil, Espace de travail, Desktop, Tableau de bord, Compresser, Compression de données, réduire la taille, zip, zipper, Dossier, Répertoire, classeur, dossier de fichiers, Folder, Extension, add-on, complément, module, format, format de fichier, type, type de fichier, suffixe, suffixe de fichier, Exporter, Transférer, sauvegarder, convertir, Fichier, Document, dossier, fichier informatique, FTP (File Transfer Protocol), transfert, protocole, fichier, Gestionnaire de fichier, Explorateur de fichier, gestionnaire de dossier, file manager, Glisser/déposer, Drag and drop, Déplacer et déposer, Importer, Charger, récupérer, recevoir, Partage, Envoi de fichiers, collaboration, Sharing, Directory, Téléversement, Transfert de fichier, upload', ''),
(107, 'Compresser un dossier', 'Bases d\'internet', 'Utilisation système', 'Bureau, interface utilisateur, Écran d\'accueil, Espace de travail, Desktop, Tableau de bord, Compresser, Compression de données, réduire la taille, zip, zipper, Dossier, Répertoire, classeur, dossier de fichiers, Folder, Extension, add-on, complément, module, format, format de fichier, type, type de fichier, suffixe, suffixe de fichier, Exporter, Transférer, sauvegarder, convertir, Fichier, Document, dossier, fichier informatique, FTP (File Transfer Protocol), transfert, protocole, fichier, Gestionnaire de fichier, Explorateur de fichier, gestionnaire de dossier, file manager, Glisser/déposer, Drag and drop, Déplacer et déposer, Importer, Charger, récupérer, recevoir, Partage, Envoi de fichiers, collaboration, Sharing, Directory, Téléversement, Transfert de fichier, upload', ''),
(108, 'Récupération des fichiers téléchargés', 'Bases d\'internet', 'Utilisation système', 'Téléchargement, Téléchargement de fichiers, rapatriement, transfert de données, download', './assets/images/miniatures/internet/minia_fichiers_telecharger.png'),
(109, 'Gestion du stockage sur Mac', 'Bases d\'internet', 'Utilisation système', 'Stockage, Archivage, conservation, sauvegarde, Storage', './assets/images/miniatures/internet/minia_gestion_stockage.png'),
(110, 'Mettre à jour Windows', 'Bases d\'internet', 'Utilisation système', 'Windows, Système d\'exploitation Windows, Plateforme Windows, Environnement Windows', ''),
(111, 'Les raccourcis Windows', 'Bases d\'internet', 'Utilisation système', 'Windows, Système d\'exploitation Windows, Plateforme Windows, Environnement Windows, Raccourci, Raccourci clavier, raccourci d\'accès, Shortcut, Qwerty, Agencement de touches QWERTY, Azerty, Agencement de touches AZERTY, Clavier, dispositif de saisie, outil', ''),
(112, 'Les raccourcis Mac', 'Bases d\'internet', 'Utilisation système', 'Mac, Macintosh, ordinateur Apple, Raccourci, Raccourci clavier, raccourci d\'accès, Shortcut, Qwerty, Agencement de touches QWERTY, Azerty, Agencement de touches AZERTY, Clavier, dispositif de saisie, outil', ''),
(113, 'Création d’un compte google', 'Bases d\'internet', 'Gestion en ligne', '', './assets/images/miniatures/internet/minia_crea_google.png'),
(114, 'Présentation d’une page web type', 'Bases d\'internet', 'Gestion en ligne', 'Lien, URL, Link, Lien hypertexte, Hyperlink, hyperlien, Onglet, Tabulation, onglette, onglet de navigation', ''),
(115, 'Remplir un formulaire', 'Bases d\'internet', 'Gestion en ligne', 'formulaire, champ, saisie,  champ de saisie, demande, captcha, vérification, champ de saisie, zone de texte, espace de remplissage, champ d’entrée, objet, titre, sujet, intitulé, description, rubrique, authentification, vérification, validation, identification, authentication, identifiant, nom d\'utilisateur, ID, login, username, mot de passe, code secret, clé d\'accès, password, Caractère, Symbole, lettre, chiffre, signe, élément graphique, Chaîne de caractères, Texte, suite de caractères, séquence de caractères', ''),
(116, 'Faire une bonne recherche sur un moteur de recherche', 'Bases d\'internet', 'Gestion en ligne', 'Recherche, Search, recherche en ligne, Moteur de recherche, Mode de recherche, outil de recherche, Search engine, Mot-clé, Terme-clé, expression-clé, Keyword, URL, Adresse web, lien URL, Uniform Resource Locator, Historique, Journal, registre, Onglet, Tabulation, onglette, onglet de navigation', './assets/images/miniatures/internet/minia_moteur_de_recherche.png'),
(117, 'Gestion des cookies', 'Bases d\'internet', 'Gestion en ligne', 'Cookie, Témoin, connexion, suivie, traceur, web', './assets/images/miniatures/internet/minia_gestion_cookies.png'),
(118, 'Faire une capture d’écran', 'Bases d\'internet', 'Utilisation système', '', ''),
(119, 'Numériser un document', 'Bases d\'internet', 'Gestion en ligne', 'Numériser, Scanner, Convertir en format numérique, Digitaliser, Transformer en données numériques, PDF, Format PDF, fichier PDF, Portable Document Format, Numériseur, scanneur, appareil de numérisation', ''),
(120, 'Scan d’un QR code', 'Bases d\'internet', 'Gestion en ligne', 'Qr code, Code QR, code à réponse rapide, Quick Response Code', ''),
(121, 'Les différentes formes de curseur', 'Bases d\'internet', 'Utilisation système', 'Curseur, Pointeur, Indicateur, repère, repère visuel', ''),
(122, 'Les principales extensions', 'Bases d\'internet', 'Utilisation système', '', ''),
(123, 'Les périphériques + composants d’un pc ???????????', 'Bases d\'internet', 'Utilisation système', 'Le matériel informatique, Carte graphique, GPU, carté vidéo, adaptateur graphique, Carte mémoire, carte SD, carte flash, stockage amovible, Carte son, carte audio, périphérique audio, Clavier, dispositif de saisie, outil, CPU, Processeur, unité de traitement, microprocesseur, Unité Centrale de Traitement, Ecran, Moniteur, affichage, ordinateur, Fibre Optique, Câble, câble optique, réseau, réseau optique, transmission, Hôte, Host, serveur, Jack, Connecteur audio, prise jack, Machine, Appareil, dispositif, Matériel informatique, Hardware, composants physiques, Mémoire vive, Random Access Memory (RAM), mémoire système, Microprocesseur, CPU, processeur, Microprocessor, Molette, Roulette, bouton de défilement, Scroll wheel, Moniteur, Écran, afficheur, Monitor, Périphérique, Équipement externe, périphérique informatique, Peripheral, Pixel, Point, élément d\'image, Port USB, Universal Serial Bus, USB port, Souris, Dispositif de pointage, souris d\'ordinateur, pointeur, Mouse, Tactile, Écran tactile, tactile touchscreen, Tablette, Tablette électronique, tablette numérique, tablet, Souris, Dispositif de pointage, souris d\'ordinateur, pointeur, Mouse', ''),
(124, 'Créer un compte Ubiclic', 'Santé', 'Santé en ligne', 'formulaire, champ, saisie,  champ de saisie, demande, captcha, vérification, champ de saisie, zone de texte, espace de remplissage, champ d’entrée, authentification, vérification, validation, identification, authentication, identifiant, nom d\'utilisateur, ID, login, username, mot de passe, code secret, clé d\'accès, password', './assets/images/miniatures/santé/minia_ubiclic.png'),
(125, 'Créer un compte Ameli', 'Santé', 'Santé en ligne', 'formulaire, champ, saisie,  champ de saisie, demande, captcha, vérification, champ de saisie, zone de texte, espace de remplissage, champ d’entrée, authentification, vérification, validation, identification, authentication, identifiant, nom d\'utilisateur, ID, login, username, mot de passe, code secret, clé d\'accès, password', ''),
(126, 'Prendre un rendez-vous sur Doctolib', 'Santé', 'Rendez-vous médical', 'Widget, Gadgets, composant, élément d\'interface', './assets/images/miniatures/santé/minia_doctolib.png'),
(127, 'Effectuer une consultation vidéo sur Doctolib', 'Santé', 'Rendez-vous médical', '', ''),
(128, 'Réaliser des démarches de base sur le site Ameli', 'Santé', 'Santé en ligne', '', ''),
(129, 'Commander ses médicaments en pharmacie en ligne', 'Santé', 'Santé en ligne', '', './assets/images/miniatures/santé/minia_commander_medicaments.png'),
(130, 'Création de mot de passe sécurisé', 'Sécurité', 'Mot de passe', 'Mot de passe, Code secret, clé d\'accès, Password, Authentification, Vérification, validation, identification, Authentication, Gestionnaire de mot de passe, Gestionnaire d’authentification, coffre-fort des mots de passe, password manager, Caractère, Symbole, lettre, chiffre, signe, élément graphique, Chaîne de caractères, Texte, suite de caractères, séquence de caractères, ASCII, Code ASCII, jeu de caractères ASCII', './assets/images/miniatures/sécurité/minia_crea_mdp.png'),
(131, 'Récupérer un mot de passe oublié', 'Sécurité', 'Mot de passe', 'Mot de passe, Code secret, clé d\'accès, Password, Authentification, Vérification, validation, identification, Authentication, Gestionnaire de mot de passe, Gestionnaire d’authentification, coffre-fort des mots de passe, password manager, Caractère, Symbole, lettre, chiffre, signe, élément graphique, Chaîne de caractères, Texte, suite de caractères, séquence de caractères, ASCII, Code ASCII, jeu de caractères ASCII', './assets/images/miniatures/sécurité/minia_mot_de_passe.png'),
(132, 'Sensibilisation aux menaces en ligne', 'Sécurité', 'Se protéger en ligne', 'Hameçonnage, Filoutage, Phishing, Antivirus, Logiciel de sécurité, programme antivirus, Blacklist, Liste noir, répertoire d’exclusion, index négatif Cybersécurité, Sécurité, informatique, protection, défense, Pirate informatique, Pare-feu, coupe-feu, Firewall, Vulnérabilité, Faille de sécurité, point faible, vulnerability, Logiciel malveillant, Malware, programme malveillant, Virus, malware, Clickbait, contenu accrocheur, appât, Cryptographie, Chiffrement, codage, science, code, code-secret', './assets/images/miniatures/sécurité/minia_sensibiliser_menaces.png'),
(133, 'Navigation sécurisée sur internet', 'Sécurité', 'Se protéger en ligne', 'Recherche, Search, recherche en ligne, Moteur de recherche, Mode de recherche, outil de recherche, Search engine, Mot-clé, Terme-clé, expression-clé, Keyword, HTTP, Hypertext Transfer Protocol, Protocole de transfert hypertexte, Clickbait, contenu accrocheur, appât, Cryptographie, Chiffrement, codage, science, code, code-secret', './assets/images/miniatures/sécurité/minia_navigation_secure.png'),
(134, 'Gestion des comptes en ligne', 'Sécurité', 'Se protéger en ligne', '', ''),
(135, 'Sécurité des achats en ligne', 'Sécurité', 'Se protéger en ligne', 'Télépaiement, Paiement en ligne, paiement électronique, paiement à distance, online payment', ''),
(136, 'Sécurité des réseaux sociaux (les bonnes habitudes)', 'Sécurité', 'Se protéger en ligne', 'Cyberharcèlement, Harcèlement, intimidation, cyberintimidation', ''),
(137, 'Consultation et usage d’une boîte mail', 'Communication', 'Mail et messagerie', 'Mail, Courrier électronique, E-mail, message électronique, courriel, objet, titre, sujet, intitulé, description, rubrique', './assets/images/miniatures/communication/minia_consultation_mail.png'),
(138, 'Joindre un fichier par mail', 'Communication', 'Mail et messagerie', 'Mail, Courrier électronique, E-mail, message électronique, courriel, objet, titre, sujet, intitulé, description, rubrique', './assets/images/miniatures/communication/minia_joindre_fichier.png'),
(139, 'Comment utiliser l\'application Zoom ?', 'Communication', 'Visioconférence', 'Visioconférence, Conférence vidéo, vidéoconférence, visioconférence, video conference, Présentation, Exposé, Discours, Exposition, diapositive, diapo, Présentation visuelle, Webcam, Caméra web, caméra Internet', './assets/images/miniatures/communication/minia_utiliser_zoom.png'),
(140, 'Utilisation de TeamViewer', 'Communication', '?', '', ''),
(141, 'Faire un post Instagram', 'Communication', 'Réseaux Sociaux', 'Buzz, Célèbre, Troll, Provocateur, agitateur, Tweet, Message Twitter, publication, Follower, Abonné, suiveur, Fan, Emoji, émoticône, pictogramme, Influenceur, Personne influente, leader d\'opinion, influenceur numérique, Influencer, Hashtag, Mot-clic, mot-dièse, Réseau social, Media social, site de réseautage social, Commentaire, Remarque, observation, note, réaction', ''),
(142, 'Trouver un truc lié aux messages (ex : programmer un message)', 'Communication', 'Mail et messagerie', 'Chat, Messagerie instantanée, discussion en ligne, tchat, GIF, Format graphique interchange, Format d\'image animée, Graphics Interchange Format, format d’échange d’images, Messagerie, Service de messagerie, système de messagerie, Messaging, SMS, Texto, message texte, texto, Short Message Service', ''),
(145, 'Comment se créer un compte ameli : ', 'Administratif', 'Démarches administratives', 'formulaire, champ, saisie,  champ de saisie, demande, captcha, vérification, champ de saisie, zone de texte, espace de remplissage, champ d’entrée, authentification, vérification, validation, identification, authentication, identifiant, nom d\'utilisateur, ID, login, username, mot de passe, code secret, clé d\'accès, password', './assets/images/miniatures/administratif/minia_compte_ameli.png'),
(148, 'France Travail : Comment prendre un rendez-vous en ligne ?', 'Administratif', 'Démarches administratives', 'Widget, Gadgets, composant, élément d\'interface', './assets/images/miniatures/administratif/minia_france_travail_rdv.png'),
(149, 'Réviser avec votre enfant', 'Éducation', 'Pour les enfants', 'E-learning, Apprentissage, apprentissage en ligne, formation, formation à distance, enseignement, enseignement virtuel', './assets/images/miniatures/éducation/minia_reviser.png'),
(150, 'Parcoursup : Comment créer son dossier candidat', 'Éducation', 'Parcoursup', '', './assets/images/miniatures/éducation/minia_parcoursup_candidat.png'),
(151, 'Accéder à l’ENT', 'Éducation', 'Pour les enfants et les ados', 'ENT, plateforme, éducation, espace, espace numérique, Environnement Numérique de Travail, E-learning, Apprentissage, apprentissage en ligne, formation, formation à distance, enseignement, enseignement virtuel', ''),
(152, 'Créer un compte Doctolib', 'Santé', 'Santé en ligne', 'formulaire, champ, saisie,  champ de saisie, demande, captcha, vérification, champ de saisie, zone de texte, espace de remplissage, champ d’entrée, authentification, vérification, validation, identification, authentication, identifiant, nom d\'utilisateur, ID, login, username, mot de passe, code secret, clé d\'accès, password', './assets/images/miniatures/santé/minia_compte_doctolib.png'),
(153, 'Comment utiliser Google Meet ?', 'Communication', 'Visioconférence', 'Visioconférence, Conférence vidéo, vidéoconférence, visioconférence, video conference, Présentation, Exposé, Discours, Exposition, diapositive, diapo, Présentation visuelle, Webcam, Caméra web, caméra Internet', './assets/images/miniatures/communication/minia_google_meet.png'),
(154, 'Créer un compte sur Zoom', 'Communication', 'Visioconférence', 'formulaire, champ, saisie,  champ de saisie, demande, captcha, vérification, champ de saisie, zone de texte, espace de remplissage, champ d’entrée, authentification, vérification, validation, identification, authentication, identifiant, nom d\'utilisateur, ID, login, username, mot de passe, code secret, clé d\'accès, password', './assets/images/miniatures/communication/minia_compte_zoom.png'),
(155, 'Parcoursup : Handicap et études supérieures', 'Éducation', 'Parcoursup', '', './assets/images/miniatures/éducation/minia_parcoursup_handicap.png'),
(156, 'Parcoursup : comment formuler des vœux en apprentissage ?', 'Éducation', 'Parcoursup', '', './assets/images/miniatures/éducation/minia_parcoursup_voeux.png'),
(157, 'Parcoursup : comment compléter son dossier ?', 'Éducation', 'Parcoursup', '', './assets/images/miniatures/éducation/minia_parcoursup_dossier.png'),
(158, 'Parcoursup : rédiger une lettre de motivation', 'Éducation', 'Parcoursup', '', './assets/images/miniatures/éducation/minia_parcoursup_lettre.png'),
(159, 'CAF : Gérer son dossier : ', 'Administratif', 'Démarches administratives', '', './assets/images/miniatures/administratif/minia_caf_dossier.png'),
(160, 'CAF : comment déclarer ses ressources trimestrielles', 'Administratif', 'Démarches administratives', '', './assets/images/miniatures/administratif/minia_caf_declarer.png'),
(161, 'France Travail : Comment faire ma première demande d\'inscription ?', 'Administratif', 'Démarches administratives', '', './assets/images/miniatures/administratif/minia_france_travail_inscription.png'),
(162, 'Faire une déclaration d’impôts : ', 'Administratif', 'Démarches administratives', '', './assets/images/miniatures/administratif/minia_impots.png'),
(163, 'Comment utiliser Google Classroom ?', 'Éducation', 'Pour les enfants et les ados', '', './assets/images/miniatures/éducation/minia_google_classroom.png');

-- --------------------------------------------------------

--
-- Structure de la table `ressource_type`
--

CREATE TABLE `ressource_type` (
  `id_ressource_type` int(11) NOT NULL,
  `ressource_id` int(11) NOT NULL,
  `titre_video` varchar(255) NOT NULL,
  `video` varchar(255) NOT NULL,
  `lien_pdf` varchar(255) NOT NULL
) ENGINE=InnoDB DEFAULT CHARSET=utf8;

--
-- Déchargement des données de la table `ressource_type`
--

INSERT INTO `ressource_type` (`id_ressource_type`, `ressource_id`, `titre_video`, `video`, `lien_pdf`) VALUES
(1, 126, 'Prendre un rendez-vous sur Doctolib', 'https://youtu.be/mkG4rQi4p28', './assets/pdf/Santé/Prendre un rendez-vous sur Doctolib.pdf'),
(2, 105, 'Créer un dossier Mac', 'https://youtu.be/D7SCkfkcn2E', './assets/pdf/Internet/Créer un dossier Mac.pdf'),
(3, 149, 'Réviser avec votre enfant', '', './assets/pdf/Éducation/Réviser avec votre enfant.pdf'),
(4, 113, 'Création d\'un compte Google', 'https://youtu.be/EbQqDMpXCIw', './assets/pdf/Internet/Créer compte Google.pdf'),
(5, 104, 'Utilisation du gestionnaire de fichier', 'https://www.youtube.com/watch?v=CVo93PEcc7U&ab', './assets/pdf/Internet/Utilisation du gestionnaire de fichier.pdf'),
(6, 116, 'Faire une bonne recherche sur un moteur de recherche', 'https://youtu.be/cFLZp3XgSFw', './assets/pdf/Internet/Faire une bonne recherche sur un moteur de recherche.pdf'),
(7, 108, 'Récupération des fichiers téléchargés', 'https://youtu.be/SXAJnTzey5Q', './assets/pdf/Internet/Récupération des fichiers téléchargés.pdf'),
(8, 117, 'Gestion des cookies\r\n', 'https://youtu.be/6MLvHA2wcVY', './assets/pdf/Internet/Gestion des cookies.pdf'),
(9, 109, 'Gestion de stockage sur MacOs', 'https://youtu.be/XiGr7ac8WMI', './assets/pdf/Internet/Gestion de stockage sur MacOs.pdf'),
(10, 129, 'Commander ses médicaments en pharmacie en ligne', 'https://youtu.be/qQxPd_F8alE', './assets/pdf/Santé/Commander ses médicaments en pharmacie.pdf'),
(11, 152, 'Créer un compte sur Doctolib', 'https://youtu.be/gnjkSLqoPM0', './assets/pdf/Santé/Créer un compte Doctolib.pdf'),
(12, 124, 'Créer un compte Ubiclic', 'https://youtu.be/BPVVDQJNx5M', './assets/pdf/Santé/Créer un compte Ubiclic.pdf'),
(13, 137, 'Consultation et usage d’une boîte mail', '', './assets/pdf/Communication/Consultation et usage d’une boîte mail.pdf'),
(14, 130, 'Créer un mot de passe sécurisé', 'https://youtu.be/gmykJ2fALK8', './assets/pdf/Sécurité/Créer un mot de passe sécurisé.pdf'),
(15, 131, 'Récupérer un mot de passe oublié\r\n', 'https://youtu.be/qyoQ8swvjPM', './assets/pdf/Sécurité/Récupérer un mot de passe oublié.pdf'),
(16, 133, 'Naviguer en sécurité sur internet\r\n', 'https://youtu.be/QvfDeNMuEJw', './assets/pdf/Sécurité/Naviguer en sécurité sur internet.pdf'),
(17, 132, 'Sensibilisation face aux menaces en lignes', 'https://youtu.be/pMPeOqPVWbw', './assets/pdf/Sécurité/Sensibilisation face aux menaces en lignes.pdf'),
(18, 154, 'Créer un compte Zoom', '', './assets/pdf/Communication/Créer un compte Zoom.pdf'),
(19, 153, 'Comment utiliser Google Meet', '', './assets/pdf/Communication/Comment utiliser Google Meet.pdf'),
(20, 139, 'Comment utiliser l\'application Zoom', '', './assets/pdf/Communication/Comment utiliser l\'application Zoom.pdf'),
(21, 138, 'Joindre un fichier par mail', '', './assets/pdf/Communication/Joindre un fichier par mail.pdf'),
(22, 150, 'Parcoursup : Créer son dossier candidat (vidéo du Ministère Enseignement supérieur et Recherche)', 'https://youtu.be/u-pfMSmeVlc?list=PLWeo8BGFPatjLm_fdqyAUIMdvuj7UuDvj', ''),
(23, 155, 'Parcoursup : Handicap et études supérieures (vidéo du Ministère Enseignement supérieur et Recherche)', 'https://youtu.be/xxjh6FXaXbM?list=PLWeo8BGFPatjLm_fdqyAUIMdvuj7UuDvj', ''),
(24, 156, 'Parcoursup : comment formuler des vœux en apprentissage ? (vidéo du Ministère Enseignement supérieur et Recherche)', 'https://youtu.be/KeNngPkKKZA?list=PLWeo8BGFPatjLm_fdqyAUIMdvuj7UuDvj', ''),
(25, 157, 'Parcoursup : comment compléter son dossier ? (vidéo du Ministère Enseignement supérieur et Recherche)', 'https://youtu.be/a8Gcw-0GrWE?list=PLWeo8BGFPatjLm_fdqyAUIMdvuj7UuDvj', ''),
(26, 158, 'Parcoursup : rédiger une lettre de motivation (vidéo du Ministère Enseignement supérieur et Recherche)\r\n', 'https://youtu.be/52T8GRU9EBw?list=PLWeo8BGFPatjLm_fdqyAUIMdvuj7UuDvj\r\n', ''),
(33, 159, 'CAF : Gérer son dossier (vidéo des Allocations familiales)', 'https://youtu.be/Nu3Q7bvUizo?list=PLWeo8BGFPatgNWoWkfu4ZSvZo1AnzRYv4', ''),
(34, 160, 'CAF : comment déclarer ses ressources trimestrielles (vidéo des Allocations familiales)', 'https://youtu.be/gcJex30gluk?list=PLWeo8BGFPatgNWoWkfu4ZSvZo1AnzRYv4\r\n', ''),
(35, 161, 'France Travail : Comment faire ma première demande d\'inscription ? (vidéo de France Travail)', 'https://youtu.be/LqEqBQM1lVk?list=PLWeo8BGFPatgNWoWkfu4ZSvZo1AnzRYv4', ''),
(36, 148, 'France Travail : Comment prendre un rendez-vous en ligne ? (vidéo de France Travail)', 'https://youtu.be/JMIEsLqBKF4?list=PLWeo8BGFPatgNWoWkfu4ZSvZo1AnzRYv4', ''),
(37, 162, 'Faire une déclaration d’impôts (vidéo du Gouvernement) ', 'https://youtu.be/QndS96yEOk0?list=PLWeo8BGFPatgNWoWkfu4ZSvZo1AnzRYv4', ''),
(38, 125, 'Comment se créer un compte ameli ? (vidéo de l\'Assurance Maladie)', 'https://youtu.be/bqVwWmrv74I?list=PLWeo8BGFPatgNWoWkfu4ZSvZo1AnzRYv4', '');

--
-- Index pour les tables déchargées
--

--
-- Index pour la table `etape`
--
ALTER TABLE `etape`
  ADD PRIMARY KEY (`id_etape`),
  ADD KEY `ressource_type_id` (`ressource_type_id`);

--
-- Index pour la table `glossaire`
--
ALTER TABLE `glossaire`
  ADD PRIMARY KEY (`Id_glossaire`);

--
-- Index pour la table `ressource`
--
ALTER TABLE `ressource`
  ADD PRIMARY KEY (`Id_ressource`);

--
-- Index pour la table `ressource_type`
--
ALTER TABLE `ressource_type`
  ADD PRIMARY KEY (`id_ressource_type`),
  ADD KEY `ressource_id` (`ressource_id`);

--
-- AUTO_INCREMENT pour les tables déchargées
--

--
-- AUTO_INCREMENT pour la table `etape`
--
ALTER TABLE `etape`
  MODIFY `id_etape` int(11) NOT NULL AUTO_INCREMENT, AUTO_INCREMENT=192;

--
-- AUTO_INCREMENT pour la table `glossaire`
--
ALTER TABLE `glossaire`
  MODIFY `Id_glossaire` int(11) NOT NULL AUTO_INCREMENT, AUTO_INCREMENT=351;

--
-- AUTO_INCREMENT pour la table `ressource`
--
ALTER TABLE `ressource`
  MODIFY `Id_ressource` int(11) NOT NULL AUTO_INCREMENT, AUTO_INCREMENT=164;

--
-- AUTO_INCREMENT pour la table `ressource_type`
--
ALTER TABLE `ressource_type`
  MODIFY `id_ressource_type` int(11) NOT NULL AUTO_INCREMENT, AUTO_INCREMENT=39;

--
-- Contraintes pour les tables déchargées
--

--
-- Contraintes pour la table `etape`
--
ALTER TABLE `etape`
  ADD CONSTRAINT `etape_ibfk_1` FOREIGN KEY (`ressource_type_id`) REFERENCES `ressource_type` (`id_ressource_type`);

--
-- Contraintes pour la table `ressource_type`
--
ALTER TABLE `ressource_type`
  ADD CONSTRAINT `ressource_type_ibfk_1` FOREIGN KEY (`ressource_id`) REFERENCES `ressource` (`Id_ressource`);
COMMIT;

/*!40101 SET CHARACTER_SET_CLIENT=@OLD_CHARACTER_SET_CLIENT */;
/*!40101 SET CHARACTER_SET_RESULTS=@OLD_CHARACTER_SET_RESULTS */;
/*!40101 SET COLLATION_CONNECTION=@OLD_COLLATION_CONNECTION */;
